shedule_id,customer_id,class_date
1,81,2021-06-18
1,17,2021-06-22
1,37,2021-06-01
1,38,2021-06-25
1,71,2021-06-09
1,44,2021-05-06
1,108,2021-06-24
1,89,2021-05-28
1,15,2021-05-13
1,111,2021-06-01
1,77,2021-05-26
1,91,2021-05-03
1,86,2021-05-04
1,47,2021-06-15
1,29,2021-05-29
1,56,2021-05-16
1,109,2021-05-24
1,19,2021-05-14
1,80,2021-05-18
1,13,2021-06-15
2,23,2021-06-26
2,122,2021-06-09
2,75,2021-05-01
2,49,2021-06-04
2,27,2021-05-24
2,80,2021-06-25
2,117,2021-06-24
2,72,2021-06-07
2,21,2021-06-03
2,117,2021-06-26
2,61,2021-05-24
2,84,2021-05-29
2,23,2021-06-10
2,92,2021-06-06
2,65,2021-06-13
2,32,2021-06-19
2,112,2021-06-14
3,5,2021-05-04
3,112,2021-05-06
3,90,2021-06-14
3,57,2021-05-13
3,16,2021-06-26
3,49,2021-05-29
3,116,2021-06-24
3,35,2021-05-25
3,93,2021-05-11
3,71,2021-06-07
3,46,2021-06-06
3,124,2021-06-21
3,1,2021-06-25
3,57,2021-05-03
3,41,2021-05-03
3,38,2021-05-08
3,96,2021-06-21
3,95,2021-05-28
3,78,2021-06-24
3,31,2021-05-08
3,46,2021-05-22
3,54,2021-06-02
3,39,2021-06-12
3,121,2021-06-27
3,77,2021-06-03
3,94,2021-06-23
4,23,2021-06-07
4,24,2021-06-23
4,14,2021-06-24
4,97,2021-05-02
4,91,2021-05-05
4,25,2021-06-08
4,2,2021-05-11
4,106,2021-05-18
4,16,2021-06-03
4,95,2021-06-13
4,118,2021-05-25
4,122,2021-05-18
4,93,2021-06-04
4,74,2021-06-13
4,47,2021-05-11
4,105,2021-05-30
4,46,2021-06-14
4,77,2021-06-30
4,23,2021-05-14
4,21,2021-05-02
5,221,2021-05-19
5,233,2021-05-15
5,246,2021-05-14
5,225,2021-06-24
5,190,2021-06-17
5,147,2021-05-07
5,237,2021-06-21
5,144,2021-05-30
5,143,2021-05-07
5,238,2021-06-10
5,248,2021-06-25
5,173,2021-05-29
5,191,2021-05-03
5,198,2021-06-20
6,226,2021-05-21
6,168,2021-05-31
6,240,2021-05-09
6,190,2021-05-01
6,224,2021-06-26
6,192,2021-06-04
6,150,2021-06-26
7,234,2021-06-18
7,218,2021-05-20
7,185,2021-05-06
7,241,2021-06-10
7,230,2021-06-16
7,185,2021-06-16
7,170,2021-06-27
7,204,2021-06-13
7,153,2021-06-23
7,217,2021-06-13
7,203,2021-06-25
7,199,2021-06-08
7,138,2021-05-12
7,201,2021-06-19
7,153,2021-05-10
7,180,2021-06-29
7,240,2021-05-04
7,239,2021-06-26
7,157,2021-06-22
7,150,2021-05-23
8,177,2021-05-21
8,175,2021-06-28
8,247,2021-05-22
8,166,2021-06-03
8,128,2021-06-10
8,215,2021-05-18
8,156,2021-06-12
8,243,2021-05-22
8,141,2021-06-13
8,132,2021-06-19
9,173,2021-05-11
9,230,2021-05-23
9,214,2021-06-10
9,137,2021-05-21
9,191,2021-05-01
9,220,2021-05-06
9,142,2021-06-17
9,205,2021-05-13
9,148,2021-05-20
9,226,2021-06-02
9,201,2021-06-12
9,152,2021-06-10
9,249,2021-06-13
9,201,2021-06-04
9,217,2021-06-27
9,148,2021-05-11
9,206,2021-06-16
9,231,2021-05-21
9,201,2021-05-03
10,244,2021-06-11
10,152,2021-05-26
10,145,2021-05-08
10,149,2021-05-28
10,179,2021-06-26
10,204,2021-05-03
10,153,2021-06-16
10,145,2021-06-05
10,153,2021-05-05
10,223,2021-05-06
10,138,2021-06-14
10,228,2021-06-26
10,156,2021-05-30
10,178,2021-05-12
10,146,2021-06-08
10,152,2021-06-19
10,201,2021-06-09
11,274,2021-05-22
11,319,2021-06-10
11,321,2021-06-25
11,316,2021-06-12
11,330,2021-05-09
11,331,2021-05-24
11,290,2021-06-24
11,251,2021-05-14
11,323,2021-06-22
11,257,2021-05-18
11,321,2021-06-09
11,330,2021-06-24
11,317,2021-05-15
12,294,2021-05-11
12,297,2021-06-30
12,307,2021-05-27
12,317,2021-06-08
12,283,2021-06-02
12,360,2021-06-20
12,322,2021-05-04
12,323,2021-05-25
12,277,2021-06-08
12,303,2021-05-04
12,321,2021-05-19
12,274,2021-06-02
12,268,2021-05-09
12,319,2021-06-06
12,298,2021-06-11
12,343,2021-06-02
12,358,2021-05-01
12,348,2021-06-17
12,306,2021-05-19
12,258,2021-06-22
13,349,2021-06-08
13,306,2021-06-20
13,328,2021-05-14
13,306,2021-05-25
13,314,2021-06-05
13,276,2021-05-10
14,408,2021-06-10
14,438,2021-06-15
14,398,2021-05-29
14,448,2021-05-29
14,415,2021-06-06
14,432,2021-05-29
14,478,2021-05-28
14,472,2021-06-21
14,427,2021-06-14
14,384,2021-05-05
14,464,2021-05-30
15,404,2021-06-19
15,376,2021-06-02
15,482,2021-06-28
15,493,2021-05-03
15,485,2021-06-07
15,468,2021-06-12
15,482,2021-06-27
16,492,2021-06-15
16,496,2021-06-04
16,433,2021-05-22
16,479,2021-05-07
16,433,2021-05-30
16,408,2021-05-02
16,443,2021-06-30
16,411,2021-06-07
16,433,2021-06-04
16,490,2021-05-04
16,483,2021-06-10
16,411,2021-06-24
16,458,2021-05-15
17,430,2021-06-30
17,455,2021-06-12
17,456,2021-05-22
17,381,2021-05-26
17,456,2021-05-27
17,413,2021-06-26
18,533,2021-05-29
18,585,2021-05-13
18,605,2021-05-11
18,570,2021-06-22
18,517,2021-06-18
18,590,2021-05-25
18,596,2021-05-29
18,608,2021-06-15
18,563,2021-06-27
19,615,2021-06-22
19,506,2021-05-26
19,563,2021-05-18
19,586,2021-05-30
19,521,2021-05-28
19,603,2021-05-04
19,616,2021-06-06
19,569,2021-05-27
19,560,2021-06-15
19,582,2021-05-15
19,510,2021-05-25
19,527,2021-06-28
19,501,2021-05-11
19,609,2021-06-28
19,502,2021-06-24
19,589,2021-06-05
19,591,2021-06-08
19,534,2021-06-20
19,598,2021-06-08
19,533,2021-06-27
19,581,2021-05-16
19,611,2021-05-16
19,554,2021-05-17
19,598,2021-05-29
19,614,2021-06-21
19,605,2021-06-08
20,607,2021-05-20
20,512,2021-06-23
20,608,2021-05-07
20,569,2021-05-07
20,603,2021-05-22
20,622,2021-06-22
20,578,2021-05-24
20,596,2021-05-26
20,602,2021-05-07
20,545,2021-06-05
20,624,2021-06-21
20,531,2021-06-27
20,541,2021-05-23
20,534,2021-06-12
20,517,2021-05-20
20,616,2021-06-10
20,593,2021-06-11
21,682,2021-05-17
21,724,2021-05-07
21,682,2021-05-09
21,651,2021-05-31
21,669,2021-05-30
21,697,2021-06-07
21,640,2021-06-01
21,694,2021-06-12
22,658,2021-06-07
22,689,2021-06-22
22,639,2021-06-15
22,684,2021-06-26
22,695,2021-06-09
22,653,2021-06-30
22,669,2021-05-19
22,650,2021-05-09
22,645,2021-06-25
22,724,2021-06-05
22,728,2021-05-16
23,655,2021-05-19
23,668,2021-06-29
23,633,2021-06-03
23,672,2021-05-31
23,727,2021-06-01
23,737,2021-05-16
23,707,2021-05-26
24,757,2021-05-12
24,818,2021-06-17
24,795,2021-06-22
24,845,2021-05-10
24,851,2021-05-11
24,812,2021-05-26
24,854,2021-05-14
24,809,2021-06-14
24,763,2021-05-10
24,752,2021-05-18
24,866,2021-06-27
24,867,2021-05-14
24,843,2021-06-22
24,757,2021-05-11
24,840,2021-06-21
25,787,2021-06-12
25,807,2021-05-27
25,807,2021-06-30
25,807,2021-05-12
25,838,2021-05-05
25,859,2021-05-24
25,769,2021-05-12
25,788,2021-05-08
25,801,2021-05-08
25,819,2021-05-07
25,782,2021-05-31
25,864,2021-06-16
25,786,2021-05-25
25,790,2021-06-19
25,806,2021-06-07
26,966,2021-05-23
26,915,2021-05-21
26,998,2021-06-24
26,986,2021-05-04
26,876,2021-06-29
26,883,2021-06-27
26,943,2021-05-05
26,964,2021-05-13
26,994,2021-05-21
26,946,2021-06-30
26,888,2021-05-10
26,938,2021-06-28
26,995,2021-05-26
26,998,2021-06-28
26,951,2021-05-04
26,939,2021-05-13
26,974,2021-05-24
26,976,2021-06-26
26,980,2021-05-16
26,979,2021-05-31
26,895,2021-05-20
27,889,2021-06-30
27,982,2021-05-12
27,933,2021-05-20
27,877,2021-05-25
27,954,2021-05-12
28,977,2021-06-20
28,933,2021-06-12
28,965,2021-05-14
28,991,2021-06-15
28,975,2021-05-09
28,983,2021-06-11
28,988,2021-05-26
28,906,2021-05-28
28,881,2021-05-02
28,926,2021-06-05
28,966,2021-05-14
28,877,2021-05-02
28,933,2021-05-30
28,916,2021-06-22
28,999,2021-06-08
28,908,2021-06-14
28,924,2021-05-26
28,941,2021-05-31
28,916,2021-05-25
28,920,2021-06-05
28,937,2021-06-09
28,895,2021-06-11
29,971,2021-06-26
29,982,2021-06-06
29,876,2021-06-26
29,962,2021-05-19
29,896,2021-05-29
29,892,2021-05-02
29,878,2021-05-15
29,879,2021-06-01
29,917,2021-06-05
29,968,2021-06-28
29,899,2021-05-28
29,883,2021-06-23
29,985,2021-06-20
29,876,2021-05-10
29,908,2021-05-17
29,902,2021-05-20
29,913,2021-06-12
30,78,2021-06-30
30,66,2021-05-25
30,104,2021-06-02
30,33,2021-05-15
30,45,2021-06-28
30,21,2021-06-21
30,27,2021-06-21
30,39,2021-05-09
30,88,2021-06-24
30,17,2021-06-23
30,3,2021-06-13
30,43,2021-06-11
30,64,2021-06-14
31,25,2021-06-09
31,79,2021-05-31
31,103,2021-06-27
31,22,2021-06-30
31,94,2021-05-03
31,54,2021-05-12
31,74,2021-05-24
31,58,2021-06-18
31,81,2021-06-22
31,3,2021-05-16
31,108,2021-05-09
31,110,2021-05-25
31,15,2021-06-09
31,68,2021-05-08
31,29,2021-05-24
31,1,2021-06-06
31,101,2021-05-08
31,24,2021-05-28
31,119,2021-05-12
32,47,2021-05-17
32,117,2021-05-04
32,48,2021-06-08
32,106,2021-05-07
32,46,2021-06-06
32,87,2021-05-10
32,82,2021-06-06
32,84,2021-05-10
32,63,2021-06-07
32,105,2021-05-23
33,38,2021-05-11
33,119,2021-06-09
33,18,2021-05-02
33,70,2021-06-18
33,63,2021-06-29
33,85,2021-06-17
33,105,2021-06-28
33,67,2021-06-14
34,10,2021-05-27
34,69,2021-06-02
34,54,2021-06-26
34,111,2021-05-24
34,5,2021-05-30
35,71,2021-05-21
35,24,2021-06-27
35,50,2021-05-13
35,61,2021-06-20
35,46,2021-05-21
35,27,2021-05-02
35,47,2021-06-11
35,125,2021-05-28
35,81,2021-05-31
35,23,2021-05-22
35,77,2021-05-12
35,32,2021-05-27
35,123,2021-06-26
35,19,2021-06-12
35,82,2021-06-07
35,111,2021-05-05
35,69,2021-05-25
36,158,2021-06-20
36,159,2021-05-01
36,173,2021-06-29
36,206,2021-06-04
36,185,2021-06-06
36,168,2021-06-10
37,126,2021-05-20
37,202,2021-05-15
37,162,2021-05-11
37,127,2021-06-03
37,211,2021-05-18
37,145,2021-06-16
37,206,2021-06-11
37,147,2021-06-11
38,195,2021-06-08
38,147,2021-06-26
38,211,2021-06-14
38,226,2021-06-08
38,175,2021-05-16
38,151,2021-06-04
39,198,2021-06-25
39,191,2021-05-19
39,152,2021-05-18
39,212,2021-05-05
39,229,2021-05-10
39,227,2021-05-13
39,144,2021-05-15
40,245,2021-06-10
40,162,2021-06-17
40,180,2021-06-18
40,230,2021-05-02
40,138,2021-06-18
40,210,2021-06-01
40,128,2021-05-11
40,213,2021-05-15
40,152,2021-06-04
40,230,2021-05-13
40,227,2021-05-12
40,204,2021-06-11
40,185,2021-06-14
40,188,2021-06-23
40,199,2021-05-06
40,248,2021-06-19
41,169,2021-06-03
41,193,2021-05-19
41,164,2021-05-12
41,216,2021-06-09
41,130,2021-05-08
41,164,2021-06-24
41,173,2021-05-22
41,242,2021-05-17
41,242,2021-05-03
41,238,2021-05-10
41,152,2021-05-22
41,160,2021-05-09
41,247,2021-06-18
41,133,2021-06-12
41,137,2021-05-31
41,247,2021-06-04
41,175,2021-05-31
41,189,2021-06-03
41,237,2021-06-23
41,144,2021-05-30
41,179,2021-06-06
41,135,2021-05-16
41,158,2021-06-05
41,246,2021-06-14
42,319,2021-05-01
42,281,2021-06-27
42,330,2021-06-22
42,295,2021-05-31
42,257,2021-06-09
42,315,2021-05-15
42,360,2021-06-20
42,373,2021-05-09
42,340,2021-05-31
42,308,2021-05-03
43,335,2021-05-19
43,272,2021-05-02
43,334,2021-06-01
43,329,2021-05-18
43,255,2021-05-22
44,360,2021-06-18
44,269,2021-05-10
44,283,2021-05-20
44,341,2021-06-14
44,320,2021-06-25
44,372,2021-05-17
44,292,2021-06-27
44,291,2021-06-07
44,354,2021-05-17
44,360,2021-06-06
44,320,2021-05-27
44,365,2021-06-02
45,429,2021-06-30
45,440,2021-05-07
45,401,2021-05-08
45,412,2021-06-25
45,474,2021-06-19
45,387,2021-05-25
45,401,2021-05-28
45,414,2021-05-28
45,460,2021-06-18
45,463,2021-05-31
45,441,2021-06-27
45,465,2021-06-20
45,403,2021-06-21
45,439,2021-06-04
45,484,2021-05-03
45,429,2021-05-21
45,414,2021-05-20
45,430,2021-05-07
45,398,2021-06-08
45,395,2021-05-05
45,382,2021-06-25
46,396,2021-06-06
46,390,2021-06-18
46,437,2021-05-26
46,410,2021-06-01
46,457,2021-06-02
46,397,2021-06-07
46,432,2021-06-11
46,491,2021-05-17
46,479,2021-05-27
46,414,2021-06-11
46,424,2021-06-24
46,401,2021-06-06
46,389,2021-05-09
46,478,2021-06-04
46,445,2021-05-03
46,416,2021-05-26
46,415,2021-05-30
46,448,2021-05-26
46,379,2021-06-08
47,419,2021-05-22
47,395,2021-06-28
47,404,2021-06-07
47,485,2021-06-10
47,456,2021-06-26
47,421,2021-06-05
47,408,2021-06-13
47,476,2021-06-29
47,405,2021-05-03
47,415,2021-06-25
47,430,2021-05-24
47,482,2021-06-07
47,486,2021-05-18
47,382,2021-05-06
47,385,2021-05-15
47,437,2021-06-06
47,466,2021-06-07
47,446,2021-06-24
47,405,2021-06-19
48,452,2021-06-24
48,386,2021-05-01
48,403,2021-05-28
48,412,2021-06-19
48,429,2021-05-20
48,487,2021-06-08
48,489,2021-05-17
48,408,2021-06-29
48,379,2021-05-18
48,434,2021-05-23
48,380,2021-05-09
48,390,2021-05-11
48,382,2021-05-20
48,498,2021-05-26
48,446,2021-06-18
48,449,2021-06-14
48,423,2021-05-31
48,484,2021-06-09
49,579,2021-05-17
49,588,2021-05-25
49,599,2021-06-16
49,614,2021-05-13
49,517,2021-05-20
50,511,2021-05-17
50,554,2021-05-23
50,547,2021-06-09
50,567,2021-06-29
50,569,2021-05-27
50,588,2021-05-25
50,522,2021-05-27
50,579,2021-05-23
50,568,2021-05-08
50,590,2021-05-12
50,523,2021-05-03
50,541,2021-06-01
50,543,2021-05-22
50,521,2021-05-03
50,550,2021-05-02
50,558,2021-06-14
50,551,2021-06-22
50,549,2021-05-31
50,617,2021-05-11
50,506,2021-05-10
50,525,2021-06-24
50,528,2021-06-17
50,537,2021-05-21
50,583,2021-06-08
51,594,2021-06-16
51,620,2021-05-14
51,549,2021-06-01
51,567,2021-05-13
51,606,2021-05-17
51,501,2021-06-26
51,573,2021-05-30
51,618,2021-06-20
51,578,2021-06-15
52,564,2021-05-24
52,579,2021-06-01
52,585,2021-05-09
52,571,2021-05-05
52,588,2021-06-09
52,618,2021-05-28
52,509,2021-06-18
52,530,2021-06-23
52,617,2021-05-20
52,611,2021-05-28
52,521,2021-05-23
52,533,2021-05-02
52,559,2021-06-24
52,561,2021-05-24
52,591,2021-05-20
52,508,2021-06-21
52,565,2021-05-27
52,597,2021-05-24
52,615,2021-05-11
52,502,2021-05-03
53,583,2021-06-27
53,549,2021-05-26
53,553,2021-05-14
53,525,2021-06-19
53,519,2021-06-02
53,577,2021-05-01
53,613,2021-06-10
53,610,2021-05-12
53,550,2021-06-22
53,567,2021-05-31
53,600,2021-05-29
53,517,2021-06-18
53,625,2021-05-02
53,534,2021-05-23
53,542,2021-05-13
53,529,2021-05-03
53,550,2021-06-20
53,518,2021-05-02
53,557,2021-05-16
53,569,2021-05-04
53,617,2021-06-06
53,525,2021-06-21
53,608,2021-05-05
53,563,2021-06-29
53,556,2021-06-13
53,601,2021-05-16
53,507,2021-05-19
53,567,2021-06-14
53,535,2021-05-09
54,746,2021-05-26
54,697,2021-06-05
54,741,2021-05-07
54,661,2021-05-21
54,645,2021-06-22
54,691,2021-06-05
54,660,2021-06-27
54,703,2021-05-15
54,705,2021-05-19
54,701,2021-05-04
54,706,2021-06-15
54,750,2021-06-05
54,649,2021-06-20
54,641,2021-06-01
54,672,2021-05-27
54,686,2021-05-27
54,626,2021-06-03
55,710,2021-06-18
55,666,2021-05-15
55,668,2021-06-14
55,740,2021-05-06
55,645,2021-05-17
56,670,2021-05-04
56,742,2021-06-10
56,694,2021-05-21
56,660,2021-06-10
56,661,2021-05-07
56,668,2021-06-18
56,695,2021-05-03
56,734,2021-05-27
56,652,2021-05-10
56,640,2021-06-15
56,657,2021-06-10
56,646,2021-05-04
56,726,2021-05-11
56,633,2021-06-21
56,630,2021-05-23
57,700,2021-05-16
57,670,2021-05-25
57,672,2021-05-11
57,726,2021-05-17
57,629,2021-06-03
57,690,2021-06-10
58,673,2021-06-06
58,684,2021-05-13
58,683,2021-06-20
58,654,2021-06-15
58,674,2021-05-15
58,635,2021-05-07
58,661,2021-06-19
58,743,2021-05-24
58,705,2021-06-07
58,657,2021-05-05
58,689,2021-05-12
58,651,2021-05-23
58,699,2021-05-19
59,649,2021-05-23
59,670,2021-06-22
59,681,2021-06-20
59,723,2021-05-27
59,668,2021-05-02
59,637,2021-05-24
59,707,2021-05-11
59,664,2021-06-06
59,734,2021-06-27
59,667,2021-06-06
59,734,2021-06-12
59,666,2021-05-27
59,731,2021-06-11
59,733,2021-05-26
59,672,2021-06-15
59,630,2021-05-14
59,728,2021-06-27
59,639,2021-05-17
59,745,2021-06-08
59,633,2021-05-28
59,676,2021-05-20
59,694,2021-06-25
59,698,2021-06-02
59,671,2021-05-11
59,724,2021-05-11
59,740,2021-05-06
59,645,2021-05-17
59,682,2021-06-26
60,683,2021-06-30
60,723,2021-06-25
60,686,2021-05-05
60,726,2021-05-23
60,641,2021-05-07
60,683,2021-06-26
61,635,2021-06-12
61,681,2021-06-02
61,712,2021-06-06
61,750,2021-06-14
61,733,2021-06-16
61,712,2021-05-05
61,727,2021-05-10
61,681,2021-06-22
61,671,2021-05-17
61,698,2021-05-15
61,681,2021-06-26
61,710,2021-06-07
61,728,2021-05-02
62,719,2021-05-20
62,653,2021-06-25
62,675,2021-06-02
62,631,2021-05-11
62,680,2021-06-29
63,680,2021-05-28
63,688,2021-05-24
63,667,2021-06-26
63,747,2021-06-30
63,746,2021-05-24
64,869,2021-05-08
64,840,2021-05-26
64,801,2021-06-15
64,791,2021-05-16
64,789,2021-06-03
64,792,2021-05-31
64,788,2021-06-16
64,780,2021-05-02
64,828,2021-05-22
64,784,2021-05-06
64,874,2021-05-15
64,777,2021-06-30
64,777,2021-06-29
64,854,2021-06-23
64,803,2021-05-02
64,761,2021-05-13
64,803,2021-06-29
64,813,2021-05-13
64,835,2021-06-17
64,760,2021-06-04
64,865,2021-05-31
64,812,2021-05-01
64,857,2021-05-02
64,772,2021-06-21
64,785,2021-06-09
65,776,2021-06-19
65,813,2021-05-08
65,823,2021-06-04
65,817,2021-06-03
65,781,2021-05-12
65,844,2021-06-07
65,845,2021-05-18
65,757,2021-05-24
65,753,2021-05-19
65,792,2021-06-09
65,755,2021-06-01
65,832,2021-05-02
65,768,2021-06-12
65,835,2021-05-12
65,822,2021-06-11
65,775,2021-05-23
65,836,2021-05-07
65,822,2021-05-18
65,788,2021-05-15
65,858,2021-06-10
66,801,2021-06-30
66,836,2021-05-18
66,823,2021-06-14
66,830,2021-05-13
66,854,2021-06-06
66,859,2021-05-31
67,829,2021-06-28
67,835,2021-05-26
67,853,2021-05-30
67,815,2021-05-28
67,817,2021-06-22
67,798,2021-05-14
68,859,2021-05-22
68,820,2021-05-20
68,830,2021-05-16
68,842,2021-06-29
68,863,2021-05-20
68,764,2021-06-10
68,800,2021-05-25
68,857,2021-05-09
69,816,2021-06-28
69,763,2021-05-05
69,839,2021-06-17
69,869,2021-05-26
69,850,2021-06-01
69,817,2021-05-12
69,752,2021-06-29
69,771,2021-05-08
69,842,2021-06-08
69,765,2021-06-13
69,857,2021-06-19
69,775,2021-05-09
69,783,2021-06-27
69,782,2021-05-16
69,804,2021-05-04
69,784,2021-05-09
70,790,2021-06-20
70,803,2021-05-07
70,763,2021-05-14
70,775,2021-05-17
70,791,2021-05-08
70,862,2021-05-08
70,786,2021-05-16
70,825,2021-06-21
70,772,2021-06-28
70,769,2021-06-22
70,792,2021-06-14
71,897,2021-05-05
71,907,2021-05-19
71,913,2021-06-07
71,914,2021-06-03
71,912,2021-05-20
71,995,2021-05-07
71,981,2021-06-09
71,943,2021-05-27
71,962,2021-06-10
71,934,2021-05-08
72,910,2021-05-01
72,939,2021-06-12
72,951,2021-05-08
72,948,2021-05-03
72,896,2021-05-12
72,990,2021-05-03
72,981,2021-06-17
72,922,2021-06-16
72,922,2021-05-25
72,954,2021-05-21
72,940,2021-06-05
73,958,2021-05-29
73,911,2021-06-14
73,941,2021-05-19
73,988,2021-05-20
73,987,2021-06-26
73,982,2021-06-10
73,958,2021-06-06
73,990,2021-05-28
74,982,2021-05-27
74,940,2021-05-01
74,880,2021-06-14
74,907,2021-05-07
74,991,2021-05-18
75,967,2021-06-19
75,978,2021-05-19
75,922,2021-05-17
75,938,2021-06-04
75,904,2021-05-22
75,930,2021-05-24
75,890,2021-05-05
75,915,2021-06-10
75,976,2021-06-15
75,979,2021-06-05
75,960,2021-05-07
75,928,2021-06-07
75,921,2021-06-26
75,967,2021-05-27
75,976,2021-05-08
75,976,2021-06-08
75,899,2021-05-18
76,47,2021-06-11
76,100,2021-05-20
76,112,2021-06-15
76,3,2021-06-21
76,99,2021-06-27
76,54,2021-05-30
76,7,2021-05-08
76,98,2021-06-26
76,44,2021-06-21
76,94,2021-06-13
76,74,2021-06-16
76,28,2021-06-18
76,61,2021-05-21
76,54,2021-06-09
76,120,2021-06-02
77,94,2021-05-19
77,88,2021-05-18
77,105,2021-05-06
77,55,2021-05-03
77,107,2021-05-10
77,19,2021-05-01
77,59,2021-05-28
77,63,2021-06-19
77,88,2021-06-14
77,116,2021-05-27
77,21,2021-05-17
77,125,2021-05-14
77,81,2021-06-16
77,69,2021-06-04
77,109,2021-06-18
77,62,2021-05-20
77,99,2021-05-03
77,54,2021-06-16
77,48,2021-05-27
77,75,2021-06-10
77,36,2021-05-20
78,53,2021-05-28
78,27,2021-06-15
78,63,2021-06-19
78,105,2021-05-04
78,87,2021-05-10
78,30,2021-06-19
78,4,2021-05-19
78,89,2021-05-29
78,47,2021-05-20
78,115,2021-06-13
78,13,2021-05-08
78,7,2021-06-27
78,48,2021-06-26
78,43,2021-06-15
78,69,2021-05-17
78,85,2021-06-12
78,37,2021-05-17
78,62,2021-06-04
78,106,2021-06-03
79,5,2021-05-20
79,76,2021-05-08
79,54,2021-05-20
79,67,2021-05-24
79,35,2021-05-29
79,13,2021-05-21
79,53,2021-06-22
79,77,2021-06-02
79,10,2021-05-18
79,89,2021-06-04
79,70,2021-06-09
79,8,2021-05-10
79,37,2021-05-30
79,61,2021-06-04
79,63,2021-06-08
79,42,2021-05-17
79,20,2021-06-25
79,105,2021-05-05
79,89,2021-05-24
80,39,2021-06-19
80,105,2021-06-08
80,73,2021-05-22
80,14,2021-05-30
80,40,2021-06-19
80,61,2021-06-08
81,34,2021-05-22
81,96,2021-05-25
81,1,2021-05-21
81,4,2021-05-04
81,96,2021-05-28
81,4,2021-05-11
81,58,2021-06-09
81,19,2021-06-30
81,90,2021-06-15
81,90,2021-06-11
81,24,2021-05-08
81,49,2021-06-05
81,67,2021-05-07
81,121,2021-05-09
81,32,2021-05-15
81,29,2021-05-12
81,74,2021-06-11
81,73,2021-06-14
82,190,2021-05-02
82,153,2021-06-18
82,137,2021-06-15
82,153,2021-05-12
82,126,2021-05-21
82,170,2021-05-29
82,199,2021-05-06
82,192,2021-06-23
82,186,2021-05-12
82,208,2021-05-27
82,198,2021-05-17
82,229,2021-06-14
82,161,2021-06-04
82,210,2021-05-21
82,171,2021-06-04
82,210,2021-05-13
82,131,2021-06-21
83,164,2021-06-26
83,185,2021-06-10
83,236,2021-06-23
83,134,2021-05-17
83,200,2021-06-20
83,190,2021-06-09
83,230,2021-06-03
83,139,2021-05-23
84,277,2021-05-19
84,345,2021-06-28
84,331,2021-06-27
84,363,2021-05-09
84,307,2021-05-15
84,336,2021-06-01
84,264,2021-05-02
84,305,2021-05-14
84,339,2021-05-05
85,318,2021-06-08
85,371,2021-06-01
85,274,2021-06-03
85,363,2021-05-27
85,361,2021-05-05
85,318,2021-05-22
85,315,2021-06-09
85,362,2021-06-13
85,306,2021-05-16
85,254,2021-05-18
85,312,2021-05-04
85,316,2021-05-17
85,262,2021-06-21
85,285,2021-05-07
85,288,2021-06-28
85,280,2021-06-11
85,299,2021-05-26
85,293,2021-05-15
85,362,2021-06-22
85,341,2021-05-28
85,303,2021-06-20
85,333,2021-05-24
85,359,2021-06-18
85,326,2021-05-05
86,314,2021-06-05
86,352,2021-06-21
86,274,2021-06-19
86,320,2021-06-27
86,364,2021-05-23
86,354,2021-06-13
86,351,2021-06-15
86,291,2021-06-11
86,319,2021-05-09
86,340,2021-06-16
86,319,2021-05-18
86,335,2021-06-03
86,286,2021-05-16
86,300,2021-06-13
87,331,2021-05-02
87,331,2021-06-13
87,288,2021-06-02
87,349,2021-06-02
87,311,2021-05-20
87,354,2021-06-21
87,355,2021-06-11
87,340,2021-06-16
87,369,2021-06-25
87,304,2021-05-03
87,314,2021-06-13
87,336,2021-05-20
87,367,2021-05-01
88,335,2021-05-19
88,346,2021-05-22
88,368,2021-05-19
88,276,2021-06-10
88,355,2021-05-07
88,356,2021-05-28
88,323,2021-06-19
88,254,2021-05-07
88,372,2021-06-10
88,366,2021-05-21
88,350,2021-06-22
88,282,2021-06-09
88,310,2021-05-08
88,318,2021-05-03
88,271,2021-05-14
88,367,2021-06-04
88,372,2021-06-19
89,370,2021-05-25
89,284,2021-06-19
89,339,2021-06-05
89,347,2021-05-03
89,302,2021-06-16
89,294,2021-06-01
89,374,2021-05-05
89,344,2021-06-21
89,307,2021-05-21
89,316,2021-06-17
89,273,2021-06-14
89,332,2021-05-04
89,361,2021-05-20
89,295,2021-05-14
90,386,2021-06-03
90,421,2021-05-19
90,411,2021-06-29
90,408,2021-06-16
90,407,2021-05-03
90,420,2021-05-27
90,476,2021-06-03
90,405,2021-05-04
90,472,2021-06-02
90,437,2021-06-14
90,448,2021-05-16
90,427,2021-06-17
90,495,2021-06-26
90,440,2021-06-11
90,400,2021-05-15
90,467,2021-05-14
90,408,2021-05-20
91,406,2021-06-21
91,470,2021-06-27
91,419,2021-06-11
91,423,2021-06-19
91,498,2021-06-17
92,382,2021-05-26
92,481,2021-06-02
92,413,2021-06-26
92,435,2021-05-03
92,389,2021-06-09
92,382,2021-05-01
92,398,2021-05-16
92,413,2021-05-01
92,486,2021-06-13
92,466,2021-05-26
92,402,2021-05-15
92,500,2021-06-08
92,462,2021-06-20
92,402,2021-06-09
92,462,2021-06-30
92,422,2021-06-09
92,442,2021-06-29
92,461,2021-06-18
93,401,2021-06-26
93,469,2021-06-30
93,499,2021-06-25
93,422,2021-06-02
93,388,2021-06-05
94,484,2021-06-16
94,488,2021-06-13
94,404,2021-05-25
94,470,2021-05-05
94,381,2021-05-30
94,432,2021-06-23
94,499,2021-06-13
94,385,2021-05-05
94,490,2021-05-25
94,465,2021-05-11
95,555,2021-06-16
95,555,2021-05-23
95,527,2021-05-28
95,550,2021-05-27
95,507,2021-05-18
95,566,2021-05-29
95,523,2021-05-16
96,558,2021-05-18
96,543,2021-05-08
96,558,2021-06-29
96,559,2021-05-01
96,505,2021-06-25
96,517,2021-06-24
96,522,2021-05-15
96,535,2021-06-02
96,506,2021-05-06
96,513,2021-05-24
96,534,2021-06-17
97,553,2021-06-12
97,590,2021-06-11
97,564,2021-05-04
97,534,2021-06-16
97,558,2021-05-30
97,620,2021-06-20
97,608,2021-06-06
97,602,2021-06-21
98,562,2021-06-11
98,520,2021-05-20
98,565,2021-05-15
98,530,2021-06-27
98,523,2021-06-20
98,542,2021-06-04
98,609,2021-06-14
98,621,2021-06-23
98,566,2021-05-25
98,511,2021-06-21
98,579,2021-06-26
98,515,2021-06-26
98,510,2021-05-26
98,549,2021-06-18
98,524,2021-05-16
98,611,2021-05-09
98,556,2021-06-15
99,662,2021-05-29
99,639,2021-06-16
99,692,2021-06-29
99,717,2021-05-04
99,673,2021-06-30
99,655,2021-06-22
99,715,2021-06-12
99,736,2021-05-30
99,666,2021-06-29
99,663,2021-05-28
99,736,2021-06-27
99,696,2021-06-05
99,643,2021-06-24
100,658,2021-06-07
100,696,2021-06-18
100,737,2021-05-25
100,631,2021-05-09
100,674,2021-06-17
100,690,2021-05-09
100,688,2021-05-31
100,678,2021-05-12
100,721,2021-05-07
100,642,2021-05-21
100,696,2021-05-11
100,630,2021-06-16
100,669,2021-05-07
100,660,2021-05-15
100,705,2021-06-09
100,678,2021-06-25
101,673,2021-06-07
101,638,2021-05-31
101,721,2021-05-01
101,658,2021-06-18
101,672,2021-05-23
101,718,2021-06-14
101,671,2021-05-19
101,645,2021-05-17
101,658,2021-06-23
101,642,2021-05-31
101,696,2021-06-10
101,735,2021-05-31
101,666,2021-05-23
101,717,2021-06-04
101,659,2021-05-31
101,687,2021-06-11
101,705,2021-05-07
101,636,2021-05-26
101,697,2021-05-26
102,676,2021-06-05
102,718,2021-06-27
102,631,2021-06-01
102,673,2021-05-23
102,628,2021-06-09
102,704,2021-05-22
102,708,2021-05-07
102,735,2021-05-17
102,723,2021-05-21
102,648,2021-06-16
102,632,2021-05-19
103,717,2021-05-12
103,681,2021-05-20
103,726,2021-05-16
103,626,2021-05-10
103,711,2021-06-02
103,657,2021-05-31
103,729,2021-06-04
103,630,2021-05-29
103,690,2021-06-09
103,718,2021-06-10
103,630,2021-06-28
103,666,2021-06-02
103,682,2021-06-17
103,655,2021-06-23
103,693,2021-05-22
103,675,2021-06-29
103,705,2021-05-06
103,649,2021-06-17
103,653,2021-05-05
103,712,2021-06-09
104,736,2021-05-02
104,640,2021-05-21
104,694,2021-06-10
104,747,2021-05-29
104,647,2021-06-18
104,746,2021-05-13
104,631,2021-05-17
104,706,2021-06-06
104,701,2021-06-23
104,718,2021-05-15
104,720,2021-06-30
104,734,2021-05-26
104,692,2021-05-04
104,747,2021-06-09
105,676,2021-06-16
105,710,2021-05-24
105,641,2021-05-09
105,672,2021-06-27
105,750,2021-06-19
105,717,2021-05-02
106,653,2021-06-03
106,683,2021-06-23
106,668,2021-06-22
106,745,2021-06-29
106,657,2021-05-26
106,642,2021-05-08
106,683,2021-06-11
106,727,2021-05-01
106,669,2021-06-28
107,804,2021-06-02
107,874,2021-06-23
107,796,2021-05-01
107,859,2021-05-28
107,852,2021-05-29
107,798,2021-05-06
107,864,2021-05-19
107,788,2021-06-07
107,832,2021-05-15
107,804,2021-05-09
107,818,2021-06-08
107,764,2021-06-28
107,855,2021-05-12
107,792,2021-05-30
107,826,2021-06-17
107,863,2021-06-23
107,864,2021-05-06
107,751,2021-05-16
107,757,2021-06-01
107,786,2021-06-12
107,751,2021-05-26
107,788,2021-06-19
107,847,2021-05-20
107,851,2021-05-15
107,800,2021-05-17
107,765,2021-05-28
107,800,2021-06-18
107,836,2021-06-11
107,872,2021-05-01
108,802,2021-06-12
108,846,2021-05-19
108,850,2021-06-21
108,860,2021-06-07
108,780,2021-05-14
108,757,2021-06-09
108,830,2021-06-24
108,825,2021-06-19
108,773,2021-05-15
108,754,2021-06-09
108,860,2021-05-16
108,791,2021-05-03
109,896,2021-05-21
109,940,2021-05-09
109,996,2021-05-09
109,925,2021-05-10
109,992,2021-05-14
109,898,2021-06-10
109,997,2021-05-27
109,893,2021-06-24
110,878,2021-05-04
110,963,2021-06-15
110,988,2021-05-07
110,975,2021-06-02
110,934,2021-05-17
110,885,2021-05-28
110,912,2021-06-01
110,924,2021-06-26
110,981,2021-06-30
110,931,2021-06-25
110,889,2021-05-31
110,906,2021-05-05
110,911,2021-06-13
110,933,2021-05-25
110,949,2021-06-07
110,893,2021-06-08
110,921,2021-05-20
110,944,2021-05-30
110,991,2021-06-21
110,920,2021-05-03
110,909,2021-06-24
110,921,2021-05-08
110,928,2021-06-19
110,880,2021-06-04
110,980,2021-05-08
111,895,2021-06-02
111,926,2021-05-09
111,933,2021-05-13
111,883,2021-06-10
111,987,2021-05-10
111,966,2021-06-18
111,971,2021-05-27
112,976,2021-06-02
112,962,2021-06-17
112,933,2021-05-11
112,964,2021-06-06
112,937,2021-06-07
112,969,2021-05-23
112,893,2021-05-27
112,980,2021-05-30
112,990,2021-06-05
113,120,2021-05-22
113,26,2021-05-13
113,39,2021-05-14
113,92,2021-05-23
113,11,2021-05-11
113,2,2021-05-25
113,77,2021-05-30
113,15,2021-05-24
113,55,2021-05-29
113,94,2021-05-16
114,123,2021-05-29
114,28,2021-06-22
114,46,2021-05-12
114,115,2021-06-15
114,75,2021-05-15
114,122,2021-06-06
114,88,2021-05-06
114,20,2021-06-16
114,41,2021-06-07
114,2,2021-06-24
114,62,2021-05-02
114,68,2021-05-26
114,96,2021-05-02
114,67,2021-05-08
115,103,2021-05-25
115,36,2021-06-26
115,59,2021-05-21
115,29,2021-05-02
115,89,2021-05-09
115,16,2021-05-19
115,62,2021-06-16
115,69,2021-05-27
115,19,2021-05-31
115,48,2021-06-20
115,68,2021-06-01
115,15,2021-05-04
115,70,2021-05-02
115,9,2021-05-12
115,7,2021-06-03
115,70,2021-06-29
115,77,2021-05-24
115,31,2021-06-13
115,72,2021-05-07
115,31,2021-06-30
115,113,2021-06-09
116,107,2021-06-23
116,90,2021-05-04
116,30,2021-06-16
116,86,2021-05-06
116,23,2021-05-12
117,23,2021-05-14
117,7,2021-06-03
117,25,2021-05-22
117,14,2021-05-25
117,108,2021-05-29
117,23,2021-05-01
117,98,2021-05-03
117,57,2021-06-23
117,84,2021-05-30
117,111,2021-06-07
117,52,2021-06-28
117,81,2021-05-19
117,95,2021-05-24
117,11,2021-05-08
117,3,2021-05-27
117,70,2021-06-24
118,200,2021-06-08
118,130,2021-06-05
118,139,2021-06-02
118,135,2021-05-31
118,235,2021-05-05
118,148,2021-05-20
118,237,2021-06-05
118,154,2021-06-20
118,143,2021-05-17
118,248,2021-05-15
118,176,2021-05-10
118,146,2021-06-14
118,136,2021-06-30
118,126,2021-06-16
118,250,2021-05-07
118,226,2021-05-13
118,192,2021-06-27
118,194,2021-06-09
118,151,2021-05-15
118,148,2021-05-13
118,202,2021-05-03
118,136,2021-05-25
118,205,2021-06-30
118,175,2021-06-24
118,211,2021-05-28
118,218,2021-06-06
118,143,2021-06-09
118,178,2021-05-03
118,185,2021-06-04
118,141,2021-06-21
119,150,2021-05-04
119,155,2021-05-03
119,243,2021-06-25
119,145,2021-06-01
119,156,2021-05-05
119,176,2021-06-17
119,134,2021-06-07
119,147,2021-05-08
119,186,2021-06-10
119,217,2021-05-18
119,245,2021-06-16
119,190,2021-05-26
119,199,2021-06-11
119,161,2021-05-22
119,139,2021-05-01
119,127,2021-05-03
119,211,2021-06-06
119,184,2021-06-05
119,154,2021-05-11
119,240,2021-05-10
119,175,2021-06-03
119,223,2021-06-29
119,189,2021-05-21
119,192,2021-05-05
119,139,2021-05-03
120,182,2021-05-15
120,199,2021-05-10
120,209,2021-05-21
120,178,2021-05-07
120,151,2021-05-29
120,245,2021-05-20
120,193,2021-05-08
120,171,2021-05-08
120,176,2021-05-10
120,174,2021-06-04
120,151,2021-05-15
120,184,2021-06-03
120,170,2021-05-05
120,222,2021-06-16
120,160,2021-05-04
121,151,2021-06-07
121,131,2021-05-02
121,194,2021-05-17
121,245,2021-06-19
121,233,2021-05-21
121,238,2021-06-16
121,171,2021-05-06
121,241,2021-05-08
121,250,2021-06-11
121,223,2021-06-09
121,249,2021-06-22
121,131,2021-05-06
121,200,2021-06-23
121,176,2021-06-22
121,202,2021-05-11
121,201,2021-06-13
121,185,2021-06-08
122,216,2021-06-20
122,191,2021-05-31
122,148,2021-05-15
122,222,2021-05-15
122,246,2021-05-12
122,174,2021-06-19
122,230,2021-05-17
122,232,2021-06-06
122,204,2021-05-03
122,250,2021-06-06
122,193,2021-06-08
122,139,2021-05-27
122,146,2021-05-01
122,198,2021-05-24
122,247,2021-06-21
122,248,2021-06-04
122,153,2021-05-27
122,139,2021-05-21
122,218,2021-05-20
122,128,2021-06-22
122,144,2021-06-29
122,130,2021-05-01
122,157,2021-06-05
122,206,2021-06-01
122,203,2021-05-27
123,248,2021-05-18
123,159,2021-06-06
123,154,2021-05-25
123,192,2021-06-29
123,168,2021-05-16
123,210,2021-06-03
123,132,2021-06-04
123,187,2021-06-11
123,185,2021-05-26
123,129,2021-06-15
124,284,2021-06-02
124,326,2021-06-30
124,275,2021-05-18
124,337,2021-06-25
124,275,2021-05-12
124,307,2021-06-10
124,363,2021-05-15
124,357,2021-06-21
124,289,2021-05-08
124,267,2021-06-04
124,361,2021-05-05
124,363,2021-05-09
124,278,2021-05-11
124,371,2021-06-30
124,298,2021-05-28
124,303,2021-05-04
124,310,2021-05-19
124,261,2021-06-23
124,287,2021-05-13
124,317,2021-05-13
125,364,2021-05-20
125,350,2021-05-07
125,277,2021-05-09
125,354,2021-06-16
125,369,2021-05-10
125,281,2021-05-23
125,283,2021-06-30
125,252,2021-05-06
125,301,2021-06-27
126,283,2021-05-11
126,266,2021-05-27
126,356,2021-05-16
126,274,2021-05-03
126,359,2021-06-21
126,373,2021-05-11
126,321,2021-05-03
126,313,2021-06-17
126,299,2021-05-14
126,326,2021-06-19
126,293,2021-06-30
126,353,2021-06-30
126,308,2021-05-01
126,277,2021-06-10
126,315,2021-06-12
126,268,2021-05-26
126,360,2021-05-08
126,369,2021-06-23
126,360,2021-06-03
126,332,2021-06-29
126,266,2021-05-04
126,334,2021-06-01
126,338,2021-05-01
126,356,2021-06-21
126,373,2021-06-29
127,314,2021-06-19
127,288,2021-05-14
127,255,2021-06-08
127,300,2021-06-23
127,342,2021-05-25
127,275,2021-06-14
127,349,2021-05-29
127,282,2021-05-25
127,275,2021-06-06
127,287,2021-06-01
127,357,2021-05-24
127,251,2021-05-08
127,345,2021-05-04
127,320,2021-05-10
127,331,2021-05-15
128,291,2021-06-17
128,337,2021-05-22
128,284,2021-06-24
128,255,2021-06-20
128,339,2021-05-07
128,310,2021-06-13
128,271,2021-06-11
128,285,2021-06-08
128,336,2021-06-02
128,303,2021-05-28
128,289,2021-06-26
128,277,2021-05-29
128,251,2021-06-22
128,331,2021-05-29
128,318,2021-06-07
128,345,2021-06-24
128,308,2021-05-03
128,287,2021-05-06
128,294,2021-06-29
129,266,2021-06-08
129,363,2021-06-13
129,284,2021-05-03
129,327,2021-06-17
129,320,2021-05-28
129,273,2021-05-05
129,256,2021-06-12
129,302,2021-06-09
129,341,2021-06-24
129,318,2021-05-04
129,362,2021-06-13
129,366,2021-06-22
129,286,2021-05-26
130,288,2021-05-11
130,346,2021-05-02
130,262,2021-05-27
130,264,2021-06-16
130,299,2021-05-29
130,370,2021-06-20
130,267,2021-05-19
130,300,2021-05-08
130,374,2021-06-15
130,304,2021-05-12
130,284,2021-06-27
130,365,2021-06-17
130,374,2021-05-17
131,302,2021-05-09
131,261,2021-06-01
131,305,2021-06-16
131,252,2021-05-07
131,369,2021-06-11
131,375,2021-05-02
131,334,2021-05-10
131,356,2021-06-21
131,259,2021-06-10
131,281,2021-05-09
131,310,2021-05-30
131,282,2021-05-16
131,323,2021-06-08
131,346,2021-05-29
131,276,2021-05-21
131,311,2021-06-16
131,356,2021-05-29
131,317,2021-05-19
131,266,2021-06-23
131,343,2021-05-23
131,323,2021-05-31
131,315,2021-06-29
132,372,2021-05-29
132,358,2021-06-22
132,375,2021-06-04
132,330,2021-06-04
132,333,2021-06-12
132,363,2021-06-15
132,373,2021-05-01
132,334,2021-06-05
132,347,2021-06-09
132,287,2021-06-04
132,318,2021-06-29
132,368,2021-05-09
132,262,2021-05-27
132,339,2021-06-15
133,408,2021-05-20
133,484,2021-05-28
133,381,2021-06-03
133,492,2021-05-05
133,405,2021-06-12
133,380,2021-06-21
133,492,2021-05-15
133,471,2021-06-27
133,445,2021-05-15
133,493,2021-05-02
133,405,2021-06-11
133,389,2021-06-14
133,387,2021-06-12
133,445,2021-06-28
133,408,2021-05-08
133,441,2021-05-16
133,428,2021-05-27
134,381,2021-05-15
134,473,2021-06-30
134,455,2021-06-24
134,380,2021-05-03
134,397,2021-05-17
134,440,2021-06-25
134,387,2021-05-31
134,378,2021-06-16
134,389,2021-06-29
134,381,2021-06-01
134,495,2021-05-11
134,475,2021-05-05
134,380,2021-05-01
134,433,2021-06-07
134,419,2021-05-19
134,425,2021-05-09
134,495,2021-05-31
134,383,2021-06-15
134,477,2021-05-18
134,499,2021-06-28
134,408,2021-05-11
134,448,2021-06-05
134,464,2021-06-06
134,492,2021-06-05
134,462,2021-06-09
134,426,2021-05-22
134,485,2021-06-30
135,481,2021-05-26
135,463,2021-06-04
135,390,2021-06-27
135,477,2021-06-10
135,406,2021-05-09
135,420,2021-06-13
135,421,2021-06-11
135,401,2021-05-26
135,427,2021-06-06
135,446,2021-06-13
135,389,2021-06-07
135,484,2021-06-16
135,398,2021-06-28
135,500,2021-06-17
135,475,2021-05-08
135,471,2021-05-16
135,383,2021-05-16
135,477,2021-06-16
135,477,2021-05-02
135,476,2021-06-26
135,439,2021-06-17
135,466,2021-05-08
135,433,2021-06-27
135,457,2021-05-08
135,393,2021-06-23
136,411,2021-05-08
136,423,2021-05-25
136,456,2021-06-19
136,473,2021-05-23
136,477,2021-05-08
136,497,2021-06-16
136,376,2021-05-21
136,471,2021-05-06
136,399,2021-05-07
136,462,2021-06-12
136,416,2021-05-30
136,378,2021-06-17
136,428,2021-06-01
136,499,2021-05-09
136,394,2021-06-08
137,422,2021-05-23
137,439,2021-05-23
137,451,2021-06-02
137,432,2021-05-15
137,472,2021-05-21
137,458,2021-06-23
137,394,2021-05-18
137,485,2021-05-17
137,484,2021-06-20
137,385,2021-05-27
137,475,2021-06-15
137,466,2021-05-30
137,423,2021-06-23
137,391,2021-06-13
137,396,2021-05-16
137,407,2021-06-05
137,461,2021-06-07
137,458,2021-05-13
137,422,2021-06-11
138,393,2021-06-23
138,500,2021-06-05
138,452,2021-06-06
138,493,2021-06-01
138,488,2021-05-25
138,438,2021-06-08
138,443,2021-06-16
138,448,2021-06-03
138,433,2021-06-11
138,440,2021-05-15
138,467,2021-06-16
138,400,2021-05-07
138,406,2021-06-20
138,460,2021-05-18
138,472,2021-05-23
138,446,2021-05-21
139,540,2021-05-19
139,603,2021-05-29
139,597,2021-06-12
139,625,2021-05-18
139,541,2021-06-22
139,540,2021-06-02
139,559,2021-05-30
140,540,2021-06-06
140,578,2021-05-30
140,581,2021-05-24
140,575,2021-06-17
140,509,2021-05-03
140,616,2021-05-04
140,525,2021-05-03
140,612,2021-06-13
140,552,2021-05-27
140,508,2021-05-06
140,522,2021-05-26
140,611,2021-06-30
141,572,2021-05-16
141,563,2021-06-21
141,537,2021-06-17
141,518,2021-05-29
141,583,2021-06-17
141,609,2021-06-02
141,619,2021-06-12
141,541,2021-05-03
141,576,2021-06-30
141,592,2021-05-12
141,529,2021-05-23
142,578,2021-06-04
142,581,2021-06-23
142,565,2021-05-18
142,514,2021-05-06
142,592,2021-05-19
142,593,2021-06-10
142,561,2021-06-13
142,566,2021-05-02
142,574,2021-05-04
142,535,2021-06-16
142,516,2021-06-14
142,526,2021-05-06
142,539,2021-05-19
142,579,2021-06-17
142,625,2021-06-18
142,595,2021-06-13
142,591,2021-06-14
142,624,2021-06-14
142,613,2021-05-10
142,562,2021-06-01
142,523,2021-06-21
142,595,2021-06-26
142,566,2021-06-07
142,546,2021-05-24
142,523,2021-06-25
142,610,2021-06-21
142,583,2021-06-21
142,536,2021-05-02
143,712,2021-05-08
143,673,2021-05-10
143,739,2021-05-28
143,715,2021-05-04
143,734,2021-05-05
143,693,2021-05-02
143,690,2021-05-13
143,710,2021-05-11
143,668,2021-05-19
143,646,2021-06-20
143,696,2021-06-09
143,638,2021-05-19
143,661,2021-05-12
143,747,2021-05-21
143,632,2021-05-20
143,704,2021-06-08
143,696,2021-05-03
143,675,2021-05-18
143,684,2021-05-22
143,666,2021-06-14
144,669,2021-05-20
144,682,2021-06-07
144,646,2021-06-16
144,717,2021-06-06
144,734,2021-05-21
144,748,2021-05-01
144,672,2021-05-24
144,746,2021-06-06
144,680,2021-06-13
144,729,2021-05-15
144,749,2021-05-27
144,742,2021-06-04
145,698,2021-06-11
145,662,2021-06-20
145,634,2021-06-01
145,721,2021-06-10
145,632,2021-06-19
145,647,2021-05-08
145,638,2021-06-21
145,709,2021-05-05
145,719,2021-06-16
146,672,2021-06-20
146,730,2021-06-09
146,670,2021-06-26
146,686,2021-06-17
146,628,2021-05-20
146,724,2021-06-08
146,719,2021-06-05
146,635,2021-05-30
146,627,2021-05-16
146,652,2021-05-16
146,724,2021-05-31
146,650,2021-06-08
146,709,2021-05-09
146,631,2021-06-10
146,652,2021-06-29
146,732,2021-06-18
146,719,2021-06-29
146,727,2021-05-17
146,717,2021-06-13
146,709,2021-06-01
146,725,2021-06-11
146,736,2021-05-11
146,716,2021-05-19
147,765,2021-05-30
147,762,2021-05-10
147,809,2021-06-22
147,836,2021-06-03
147,776,2021-05-30
147,770,2021-05-26
147,826,2021-05-12
148,848,2021-06-22
148,806,2021-06-24
148,871,2021-06-10
148,828,2021-06-30
148,825,2021-05-26
148,827,2021-06-28
148,768,2021-05-21
148,853,2021-06-25
148,753,2021-05-30
148,770,2021-06-26
148,756,2021-06-11
148,805,2021-06-01
148,805,2021-05-28
148,816,2021-06-09
148,751,2021-05-05
148,796,2021-06-09
148,842,2021-06-24
148,874,2021-05-03
148,868,2021-05-22
148,813,2021-05-31
148,806,2021-06-08
148,800,2021-06-11
149,831,2021-05-12
149,761,2021-05-19
149,804,2021-06-16
149,762,2021-05-16
149,865,2021-05-03
149,821,2021-05-09
149,764,2021-06-09
149,856,2021-05-25
149,771,2021-06-05
149,760,2021-06-20
149,868,2021-05-23
149,805,2021-06-27
149,793,2021-06-20
149,831,2021-05-13
149,765,2021-06-30
149,766,2021-05-17
149,826,2021-05-08
149,763,2021-06-30
149,847,2021-05-02
149,836,2021-06-28
149,857,2021-06-24
149,803,2021-05-07
149,781,2021-05-22
150,872,2021-06-22
150,838,2021-05-11
150,774,2021-06-15
150,815,2021-06-14
150,831,2021-05-09
150,813,2021-05-16
150,864,2021-05-14
150,782,2021-06-25
150,864,2021-05-04
151,768,2021-06-05
151,806,2021-05-26
151,754,2021-06-28
151,755,2021-05-04
151,791,2021-05-18
151,833,2021-06-24
151,817,2021-05-20
151,789,2021-05-01
151,770,2021-05-30
151,822,2021-06-06
152,960,2021-06-30
152,981,2021-05-23
152,897,2021-06-29
152,893,2021-06-26
152,885,2021-06-23
152,996,2021-06-09
152,959,2021-05-20
152,885,2021-06-26
152,942,2021-05-27
152,887,2021-05-31
152,891,2021-06-18
152,996,2021-05-07
152,963,2021-05-16
152,946,2021-05-12
153,908,2021-06-29
153,940,2021-06-23
153,979,2021-05-28
153,987,2021-06-22
153,915,2021-05-16
153,894,2021-05-01
154,933,2021-06-23
154,998,2021-05-30
154,917,2021-05-28
154,882,2021-06-13
154,897,2021-05-14
154,986,2021-05-25
154,978,2021-05-23
154,924,2021-06-22
154,953,2021-05-01
154,952,2021-06-13
154,933,2021-05-06
154,893,2021-05-10
154,895,2021-06-24
154,923,2021-05-31
154,877,2021-05-26
154,987,2021-06-30
154,960,2021-05-04
154,918,2021-06-15
154,919,2021-05-10
154,919,2021-05-02
154,948,2021-06-09
154,899,2021-06-01
154,951,2021-06-18
154,971,2021-06-18
154,978,2021-05-19
155,941,2021-06-09
155,976,2021-05-16
155,901,2021-06-19
155,938,2021-05-17
155,890,2021-06-16
155,891,2021-06-22
155,985,2021-05-05
155,921,2021-06-01
155,948,2021-05-10
155,948,2021-06-02
155,960,2021-06-17
155,968,2021-05-15
155,906,2021-05-27
155,985,2021-06-26
155,893,2021-06-12
155,985,2021-05-26
155,924,2021-05-29
155,915,2021-05-01
156,123,2021-06-10
156,74,2021-06-03
156,90,2021-05-06
156,62,2021-06-04
156,19,2021-06-25
156,11,2021-05-31
156,100,2021-06-08
156,42,2021-06-02
156,70,2021-05-07
156,33,2021-06-03
156,122,2021-06-25
156,48,2021-06-11
156,64,2021-06-15
156,67,2021-05-15
156,9,2021-05-07
156,22,2021-06-06
156,61,2021-06-20
156,112,2021-06-03
156,49,2021-05-28
157,104,2021-06-07
157,115,2021-05-12
157,3,2021-06-24
157,60,2021-06-29
157,76,2021-05-19
157,119,2021-06-07
157,88,2021-05-25
157,81,2021-06-11
157,71,2021-06-03
157,49,2021-06-10
157,70,2021-06-16
157,38,2021-05-09
157,53,2021-06-11
157,116,2021-05-25
157,60,2021-06-30
157,28,2021-06-17
157,14,2021-06-16
157,68,2021-05-07
157,114,2021-05-30
157,107,2021-05-06
157,81,2021-06-08
157,79,2021-05-04
157,115,2021-05-08
157,119,2021-06-10
157,69,2021-05-05
157,113,2021-06-04
157,121,2021-05-12
157,118,2021-05-12
158,82,2021-06-16
158,19,2021-05-21
158,3,2021-05-24
158,77,2021-05-02
158,121,2021-05-11
158,96,2021-06-08
158,38,2021-05-31
158,54,2021-06-08
158,10,2021-05-20
158,76,2021-05-03
158,124,2021-06-28
158,14,2021-06-10
158,112,2021-06-24
158,8,2021-06-01
158,22,2021-06-29
158,98,2021-06-30
158,2,2021-05-30
158,12,2021-05-20
158,84,2021-05-28
158,58,2021-06-15
158,65,2021-05-05
158,11,2021-06-06
158,56,2021-05-12
158,10,2021-06-02
158,64,2021-05-21
158,62,2021-05-17
158,97,2021-05-28
159,72,2021-05-18
159,48,2021-06-04
159,71,2021-05-31
159,26,2021-05-28
159,9,2021-06-19
159,77,2021-05-01
159,60,2021-06-18
159,67,2021-05-11
159,124,2021-05-08
159,46,2021-06-30
159,113,2021-06-16
159,50,2021-05-18
159,69,2021-05-22
159,122,2021-05-26
159,97,2021-06-02
159,43,2021-06-19
159,29,2021-06-23
159,48,2021-06-02
159,9,2021-06-09
159,82,2021-06-18
159,23,2021-06-18
159,120,2021-05-29
159,82,2021-06-27
159,79,2021-05-05
160,148,2021-05-04
160,222,2021-06-17
160,211,2021-05-30
160,178,2021-06-25
160,232,2021-05-03
160,245,2021-06-06
160,137,2021-06-09
160,235,2021-05-05
160,149,2021-05-28
160,176,2021-06-23
160,149,2021-06-05
160,229,2021-06-15
160,133,2021-05-01
160,235,2021-05-22
160,198,2021-06-25
160,181,2021-05-17
160,152,2021-05-31
160,194,2021-05-20
160,199,2021-06-04
160,163,2021-06-02
160,193,2021-06-28
160,247,2021-05-21
160,137,2021-05-04
160,197,2021-06-11
160,200,2021-05-02
160,192,2021-06-24
160,228,2021-06-07
160,195,2021-06-13
161,230,2021-06-10
161,197,2021-05-17
161,200,2021-06-11
161,169,2021-06-08
161,208,2021-06-12
161,217,2021-06-27
161,180,2021-05-22
161,188,2021-06-29
161,139,2021-05-18
161,196,2021-06-21
161,133,2021-05-20
161,171,2021-06-25
161,202,2021-05-14
161,216,2021-05-30
161,199,2021-06-30
161,155,2021-06-10
161,242,2021-05-03
162,274,2021-06-21
162,285,2021-06-30
162,355,2021-05-28
162,293,2021-05-27
162,277,2021-06-30
162,290,2021-06-07
162,342,2021-06-23
162,339,2021-06-12
162,305,2021-05-31
162,352,2021-05-06
162,332,2021-06-27
162,351,2021-06-10
162,349,2021-05-07
162,309,2021-05-11
162,356,2021-06-10
162,298,2021-05-08
162,268,2021-06-07
162,309,2021-06-10
162,270,2021-05-05
162,282,2021-06-02
162,285,2021-05-15
162,266,2021-05-20
162,291,2021-06-12
162,348,2021-06-08
163,487,2021-06-19
163,392,2021-05-24
163,403,2021-06-06
163,423,2021-05-31
163,483,2021-05-16
163,396,2021-06-06
163,430,2021-05-09
163,456,2021-06-11
163,440,2021-05-08
163,480,2021-05-15
163,415,2021-06-27
163,427,2021-06-23
163,379,2021-05-06
163,421,2021-06-24
163,428,2021-05-14
163,413,2021-05-05
164,474,2021-05-16
164,434,2021-05-12
164,493,2021-05-24
164,499,2021-06-27
164,484,2021-05-04
164,467,2021-06-06
164,387,2021-05-26
164,438,2021-06-25
164,486,2021-06-26
165,462,2021-05-17
165,495,2021-05-02
165,457,2021-06-02
165,393,2021-06-14
165,485,2021-06-23
165,476,2021-05-01
165,432,2021-06-24
166,446,2021-06-08
166,425,2021-06-27
166,488,2021-06-14
166,496,2021-06-10
166,487,2021-06-20
166,470,2021-06-12
166,453,2021-06-14
166,432,2021-06-06
166,380,2021-06-29
166,454,2021-05-08
166,411,2021-05-12
166,498,2021-05-30
166,475,2021-05-13
166,416,2021-05-06
166,480,2021-05-15
166,394,2021-05-14
167,410,2021-05-15
167,445,2021-06-02
167,422,2021-05-21
167,441,2021-06-09
167,477,2021-05-02
167,488,2021-06-19
167,453,2021-06-28
167,494,2021-06-28
167,453,2021-06-18
167,437,2021-05-20
167,473,2021-05-27
167,489,2021-05-20
167,392,2021-05-12
167,447,2021-06-24
167,441,2021-05-17
167,435,2021-06-19
167,497,2021-06-20
167,472,2021-05-10
167,498,2021-05-16
168,553,2021-06-10
168,534,2021-05-20
168,609,2021-05-02
168,589,2021-06-09
168,574,2021-05-08
168,570,2021-06-26
168,593,2021-05-05
168,551,2021-06-22
168,565,2021-05-12
168,553,2021-05-29
168,574,2021-06-02
168,518,2021-05-11
168,549,2021-06-21
168,521,2021-06-07
168,549,2021-06-01
168,536,2021-06-07
168,559,2021-06-15
168,597,2021-05-13
168,547,2021-06-20
168,587,2021-05-28
168,624,2021-05-07
168,607,2021-06-01
169,513,2021-06-21
169,601,2021-05-20
169,502,2021-05-05
169,579,2021-05-10
169,502,2021-06-05
169,526,2021-05-29
169,588,2021-05-13
169,591,2021-06-18
169,618,2021-05-10
169,510,2021-05-07
169,597,2021-06-25
169,603,2021-06-10
170,686,2021-06-22
170,636,2021-06-25
170,626,2021-06-20
170,688,2021-05-17
170,728,2021-06-24
170,665,2021-05-14
170,665,2021-06-24
170,711,2021-05-17
171,710,2021-05-03
171,644,2021-05-13
171,737,2021-05-23
171,655,2021-06-17
171,637,2021-06-15
171,637,2021-05-23
171,633,2021-05-10
171,724,2021-05-03
171,744,2021-05-16
171,663,2021-06-24
171,743,2021-05-22
171,627,2021-05-29
171,724,2021-06-18
171,710,2021-06-11
171,703,2021-06-20
171,683,2021-05-24
171,690,2021-05-02
171,750,2021-06-19
171,734,2021-06-01
171,630,2021-05-08
171,715,2021-06-26
171,691,2021-05-14
171,670,2021-05-31
171,747,2021-05-24
172,631,2021-06-11
172,675,2021-06-21
172,639,2021-05-29
172,632,2021-05-10
172,750,2021-06-08
172,633,2021-05-31
172,694,2021-06-25
172,681,2021-06-13
172,653,2021-06-28
172,714,2021-06-12
172,719,2021-06-20
172,655,2021-05-14
172,691,2021-05-11
172,723,2021-05-04
172,690,2021-06-08
172,684,2021-05-03
173,748,2021-05-08
173,670,2021-06-12
173,687,2021-05-12
173,635,2021-06-18
173,635,2021-06-12
174,648,2021-06-16
174,727,2021-05-20
174,633,2021-06-12
174,651,2021-06-19
174,720,2021-06-28
174,679,2021-06-03
174,714,2021-05-30
174,663,2021-05-29
174,629,2021-06-08
174,645,2021-06-01
174,715,2021-06-17
174,638,2021-05-14
174,720,2021-06-16
174,642,2021-06-12
174,732,2021-06-29
174,626,2021-06-05
174,728,2021-06-02
174,647,2021-06-07
174,632,2021-06-13
174,717,2021-05-14
174,638,2021-05-13
175,716,2021-05-02
175,653,2021-05-28
175,714,2021-05-06
175,654,2021-05-24
175,742,2021-05-11
175,694,2021-05-14
175,683,2021-06-29
175,660,2021-05-26
175,690,2021-06-20
175,636,2021-05-05
175,720,2021-06-02
175,627,2021-06-09
175,667,2021-05-10
175,632,2021-05-22
175,705,2021-05-09
175,680,2021-06-13
175,730,2021-05-19
175,663,2021-06-24
175,712,2021-05-03
175,712,2021-05-21
175,682,2021-05-19
176,655,2021-05-26
176,646,2021-06-04
176,661,2021-05-19
176,749,2021-05-08
176,642,2021-05-13
176,633,2021-05-14
176,655,2021-06-30
177,759,2021-05-05
177,810,2021-06-26
177,759,2021-06-20
177,868,2021-05-14
177,775,2021-05-19
177,850,2021-05-06
177,773,2021-06-11
177,845,2021-06-10
177,850,2021-06-16
177,873,2021-06-18
177,852,2021-06-22
177,766,2021-06-05
177,846,2021-05-18
177,783,2021-06-17
177,874,2021-05-31
177,804,2021-05-06
177,843,2021-05-30
177,807,2021-06-05
177,765,2021-05-07
177,874,2021-05-08
177,774,2021-06-01
177,873,2021-05-18
177,755,2021-05-05
178,819,2021-06-26
178,859,2021-05-07
178,855,2021-05-21
178,765,2021-06-09
178,860,2021-05-14
178,829,2021-05-18
178,836,2021-05-04
178,838,2021-06-11
178,778,2021-05-25
178,768,2021-05-14
178,789,2021-05-23
178,792,2021-06-18
178,752,2021-06-11
178,842,2021-05-12
178,767,2021-05-15
178,825,2021-05-20
178,784,2021-06-26
178,847,2021-05-30
178,799,2021-05-06
179,783,2021-05-10
179,789,2021-06-15
179,874,2021-05-12
179,789,2021-05-01
179,869,2021-06-17
179,831,2021-06-03
179,789,2021-05-30
179,842,2021-05-25
179,817,2021-06-20
179,852,2021-06-25
179,866,2021-06-12
179,833,2021-05-04
179,776,2021-05-29
179,851,2021-05-02
179,771,2021-05-27
179,832,2021-05-16
179,839,2021-05-15
179,793,2021-06-27
179,824,2021-05-10
179,860,2021-06-22
179,813,2021-05-08
179,754,2021-06-30
180,764,2021-05-23
180,766,2021-05-16
180,756,2021-06-10
180,824,2021-06-19
180,871,2021-06-10
180,810,2021-05-19
180,859,2021-05-05
180,835,2021-05-31
180,754,2021-05-11
180,751,2021-05-10
180,763,2021-06-12
180,790,2021-05-25
181,756,2021-06-06
181,766,2021-06-04
181,853,2021-05-04
181,816,2021-06-23
181,835,2021-05-13
181,846,2021-06-20
181,849,2021-06-21
181,769,2021-06-09
181,762,2021-06-20
181,798,2021-06-10
181,865,2021-05-03
181,808,2021-06-20
181,816,2021-06-27
181,858,2021-06-04
181,752,2021-06-22
182,858,2021-06-28
182,807,2021-06-28
182,786,2021-06-28
182,858,2021-06-22
182,864,2021-06-28
182,765,2021-05-25
182,832,2021-05-25
182,811,2021-06-11
182,815,2021-06-13
182,847,2021-05-04
182,789,2021-06-20
182,793,2021-06-25
182,823,2021-06-02
182,784,2021-06-08
182,763,2021-05-25
182,757,2021-05-02
182,843,2021-06-24
182,847,2021-06-11
182,863,2021-06-04
182,767,2021-06-13
182,822,2021-05-19
182,757,2021-06-22
182,856,2021-06-28
182,859,2021-06-01
182,767,2021-06-14
182,783,2021-06-13
182,853,2021-06-17
182,864,2021-06-18
182,800,2021-06-22
182,818,2021-05-10
183,835,2021-05-14
183,847,2021-05-19
183,828,2021-05-09
183,765,2021-05-03
183,861,2021-05-16
183,835,2021-06-24
183,861,2021-06-14
183,801,2021-06-24
183,857,2021-05-18
183,785,2021-06-17
183,777,2021-06-13
183,840,2021-05-14
183,782,2021-05-21
183,803,2021-05-31
183,774,2021-06-09
183,848,2021-05-03
183,845,2021-05-26
183,757,2021-05-23
183,864,2021-05-15
183,781,2021-05-23
184,860,2021-05-14
184,806,2021-06-26
184,806,2021-05-11
184,771,2021-06-09
184,830,2021-05-12
184,838,2021-05-07
184,814,2021-06-26
184,755,2021-06-28
184,800,2021-05-23
184,824,2021-05-01
184,801,2021-05-31
184,752,2021-05-22
184,803,2021-06-25
184,822,2021-05-23
184,846,2021-06-27
184,875,2021-05-21
184,834,2021-06-04
185,835,2021-05-26
185,794,2021-05-06
185,864,2021-05-05
185,776,2021-05-10
185,777,2021-06-14
185,812,2021-06-13
185,822,2021-06-19
185,797,2021-06-30
185,874,2021-05-08
185,868,2021-05-08
185,827,2021-05-11
185,779,2021-06-06
185,755,2021-05-02
185,798,2021-05-16
185,756,2021-06-16
185,856,2021-05-13
185,772,2021-05-10
185,769,2021-05-09
185,847,2021-06-21
185,765,2021-06-01
185,793,2021-06-07
185,862,2021-05-24
185,760,2021-05-03
185,827,2021-05-19
186,931,2021-06-12
186,936,2021-05-23
186,893,2021-05-01
186,970,2021-06-03
186,976,2021-06-08
186,889,2021-05-30
186,953,2021-05-17
186,955,2021-06-11
186,897,2021-06-21
186,921,2021-05-17
186,962,2021-05-24
186,978,2021-05-23
186,1000,2021-06-21
186,975,2021-06-26
186,996,2021-06-22
186,902,2021-06-23
186,979,2021-05-02
186,887,2021-06-17
186,975,2021-05-18
186,906,2021-05-27
187,945,2021-05-25
187,966,2021-05-17
187,954,2021-06-10
187,963,2021-06-11
187,940,2021-05-06
187,944,2021-06-08
187,913,2021-06-24
187,984,2021-05-02
187,995,2021-05-09
187,975,2021-06-12
187,909,2021-05-23
187,908,2021-05-07
187,917,2021-06-07
187,924,2021-06-07
187,940,2021-05-16
187,876,2021-05-25
187,904,2021-05-25
187,990,2021-05-22
187,899,2021-06-27
187,908,2021-05-02
187,959,2021-05-30
187,921,2021-06-14
187,930,2021-06-23
187,941,2021-05-26
187,907,2021-05-08
187,918,2021-05-19
187,981,2021-06-05
187,973,2021-05-30
187,913,2021-05-21
188,985,2021-05-29
188,911,2021-06-27
188,893,2021-05-15
188,950,2021-05-29
188,917,2021-06-18
189,941,2021-06-09
189,975,2021-05-09
189,928,2021-05-08
189,911,2021-05-22
189,929,2021-06-22
189,935,2021-05-19
189,967,2021-05-02
189,982,2021-06-28
189,952,2021-06-25
189,895,2021-06-13
189,918,2021-05-12
189,953,2021-06-21
189,968,2021-06-26
189,916,2021-06-20
189,931,2021-06-29
189,970,2021-05-28
189,929,2021-06-10
189,982,2021-05-02
189,948,2021-06-15
189,918,2021-06-29
189,922,2021-05-30
189,949,2021-05-21
189,877,2021-06-29
189,961,2021-06-26
189,946,2021-05-22
190,976,2021-06-10
190,896,2021-05-11
190,966,2021-06-15
190,892,2021-06-19
190,908,2021-06-02
190,958,2021-06-20
190,988,2021-05-15
190,884,2021-05-21
190,935,2021-05-01
190,947,2021-06-10
190,977,2021-06-03
190,974,2021-05-02
190,974,2021-06-11
190,965,2021-06-06
191,928,2021-05-01
191,976,2021-06-02
191,903,2021-06-28
191,923,2021-06-04
191,953,2021-05-26
192,957,2021-06-12
192,886,2021-05-07
192,952,2021-06-25
192,974,2021-05-04
192,969,2021-06-14
192,913,2021-05-05
192,916,2021-05-31
192,886,2021-06-12
192,884,2021-05-27
192,894,2021-06-18
192,958,2021-06-08
192,901,2021-05-12
192,879,2021-06-20
192,971,2021-06-22
192,928,2021-06-04
192,897,2021-06-26
192,902,2021-06-27
192,916,2021-05-10
192,990,2021-05-29
192,956,2021-05-18
193,14,2021-06-01
193,29,2021-05-17
193,3,2021-05-11
193,9,2021-06-26
193,115,2021-05-11
193,80,2021-05-12
193,69,2021-06-26
193,71,2021-05-16
193,57,2021-05-08
193,13,2021-06-29
193,94,2021-05-07
193,86,2021-06-26
194,52,2021-06-28
194,79,2021-05-28
194,124,2021-06-21
194,107,2021-05-24
194,46,2021-06-27
194,67,2021-06-18
194,81,2021-06-28
194,84,2021-06-12
194,93,2021-05-05
194,16,2021-05-14
194,34,2021-05-06
194,16,2021-06-07
194,121,2021-05-14
194,8,2021-05-26
194,24,2021-06-27
194,19,2021-06-25
194,88,2021-05-18
194,4,2021-05-03
195,76,2021-06-10
195,68,2021-06-13
195,67,2021-05-26
195,82,2021-06-29
195,54,2021-05-06
195,42,2021-05-26
195,67,2021-05-20
195,77,2021-06-06
195,42,2021-06-19
195,69,2021-06-27
195,17,2021-06-14
195,14,2021-05-14
195,115,2021-05-21
195,114,2021-05-25
195,120,2021-05-04
195,24,2021-05-09
195,74,2021-06-28
195,56,2021-06-18
195,51,2021-06-17
196,45,2021-05-31
196,84,2021-05-20
196,20,2021-06-14
196,66,2021-06-22
196,104,2021-06-24
196,70,2021-05-03
196,48,2021-05-15
196,110,2021-06-13
196,85,2021-05-19
196,51,2021-06-06
196,36,2021-05-08
196,3,2021-06-23
196,63,2021-06-27
196,7,2021-06-30
196,103,2021-06-02
197,85,2021-06-21
197,53,2021-05-07
197,52,2021-05-20
197,46,2021-06-01
197,9,2021-05-01
197,27,2021-05-22
197,77,2021-06-18
197,96,2021-05-16
197,58,2021-05-20
197,110,2021-06-20
197,112,2021-05-06
197,124,2021-05-24
197,108,2021-05-22
197,95,2021-05-22
197,10,2021-06-02
197,27,2021-06-22
197,77,2021-06-03
197,91,2021-05-20
197,13,2021-06-12
197,99,2021-05-03
198,77,2021-05-20
198,53,2021-05-02
198,36,2021-05-21
198,97,2021-06-15
198,2,2021-06-02
198,13,2021-05-30
198,65,2021-05-24
198,19,2021-06-09
199,217,2021-05-15
199,152,2021-06-11
199,236,2021-06-02
199,191,2021-06-20
199,152,2021-05-27
199,248,2021-05-29
199,160,2021-06-05
199,212,2021-05-11
199,225,2021-06-14
199,155,2021-05-20
199,179,2021-06-25
199,239,2021-05-30
199,198,2021-05-09
199,159,2021-06-02
199,162,2021-06-03
199,195,2021-06-30
199,248,2021-05-30
199,140,2021-06-12
199,190,2021-06-28
199,249,2021-05-21
200,213,2021-05-28
200,154,2021-06-13
200,187,2021-05-21
200,199,2021-06-12
200,240,2021-05-18
200,200,2021-06-20
200,134,2021-05-06
200,139,2021-05-09
200,203,2021-06-18
200,187,2021-06-01
200,159,2021-05-07
200,185,2021-06-16
200,194,2021-05-08
200,174,2021-06-18
200,245,2021-06-15
200,217,2021-06-13
200,204,2021-05-27
200,167,2021-06-07
201,184,2021-06-21
201,201,2021-05-09
201,140,2021-05-14
201,168,2021-05-31
201,132,2021-05-25
201,215,2021-05-01
201,196,2021-05-10
201,224,2021-05-24
201,180,2021-06-07
201,244,2021-05-16
201,173,2021-05-27
201,128,2021-05-24
201,174,2021-05-17
201,195,2021-05-01
201,219,2021-05-24
201,196,2021-05-31
201,144,2021-05-16
201,162,2021-05-07
201,215,2021-05-12
201,164,2021-05-07
202,350,2021-06-04
202,288,2021-05-10
202,371,2021-05-19
202,319,2021-05-09
202,312,2021-05-29
202,331,2021-06-14
202,304,2021-06-04
202,345,2021-06-12
202,309,2021-06-27
202,289,2021-06-12
203,320,2021-06-30
203,258,2021-05-24
203,353,2021-05-16
203,307,2021-05-06
203,295,2021-06-08
203,256,2021-05-26
203,351,2021-05-23
203,356,2021-05-28
204,348,2021-06-20
204,299,2021-05-18
204,279,2021-06-29
204,311,2021-05-19
204,317,2021-05-20
204,285,2021-06-30
204,256,2021-05-20
204,270,2021-05-08
204,319,2021-06-04
204,253,2021-05-11
204,328,2021-05-03
204,360,2021-06-21
204,268,2021-06-22
204,337,2021-06-22
205,363,2021-06-01
205,289,2021-06-21
205,255,2021-06-27
205,296,2021-06-28
205,295,2021-06-08
205,333,2021-05-31
205,298,2021-05-03
205,257,2021-06-07
206,260,2021-06-20
206,359,2021-06-22
206,332,2021-06-15
206,328,2021-05-04
206,341,2021-06-20
206,266,2021-05-25
206,353,2021-05-18
206,359,2021-06-03
206,328,2021-06-08
206,351,2021-06-29
206,324,2021-06-23
206,273,2021-06-25
206,298,2021-05-19
206,372,2021-05-30
206,251,2021-06-06
206,298,2021-06-05
207,423,2021-05-19
207,482,2021-06-13
207,467,2021-05-01
207,418,2021-05-08
207,377,2021-05-28
207,448,2021-05-19
207,449,2021-06-09
207,407,2021-05-15
207,390,2021-06-01
207,405,2021-06-30
207,447,2021-06-27
207,381,2021-06-19
207,480,2021-05-24
207,391,2021-05-28
207,382,2021-05-24
207,409,2021-05-13
208,407,2021-05-11
208,439,2021-05-06
208,442,2021-06-07
208,422,2021-05-10
208,388,2021-06-07
208,426,2021-06-26
208,478,2021-06-11
208,466,2021-05-22
208,390,2021-06-14
208,378,2021-05-06
208,464,2021-05-05
209,442,2021-05-31
209,412,2021-05-06
209,482,2021-06-13
209,417,2021-05-13
209,389,2021-06-29
209,417,2021-05-18
209,445,2021-05-12
209,410,2021-05-07
210,485,2021-06-18
210,447,2021-06-16
210,417,2021-05-30
210,419,2021-05-03
210,431,2021-06-07
210,377,2021-06-16
211,570,2021-05-18
211,515,2021-06-28
211,540,2021-06-20
211,506,2021-05-14
211,573,2021-05-26
211,555,2021-06-24
211,546,2021-06-22
211,548,2021-05-27
211,566,2021-06-15
212,539,2021-06-23
212,517,2021-06-29
212,579,2021-06-19
212,507,2021-05-05
212,541,2021-05-18
212,582,2021-06-23
212,506,2021-05-12
212,557,2021-05-26
212,571,2021-06-13
212,524,2021-05-28
212,538,2021-05-18
212,569,2021-06-29
212,530,2021-06-03
212,611,2021-06-27
212,619,2021-05-06
212,578,2021-06-03
212,592,2021-06-19
212,616,2021-06-22
212,547,2021-06-05
212,581,2021-05-22
212,600,2021-05-04
212,564,2021-05-19
213,564,2021-06-29
213,569,2021-05-12
213,619,2021-05-22
213,503,2021-06-27
213,547,2021-05-07
213,585,2021-05-16
213,575,2021-06-04
213,564,2021-06-08
213,535,2021-06-29
213,549,2021-06-10
213,621,2021-06-04
213,605,2021-06-08
213,522,2021-05-11
213,516,2021-05-28
213,600,2021-05-14
214,529,2021-06-18
214,532,2021-06-11
214,607,2021-05-02
214,594,2021-05-11
214,575,2021-06-27
214,596,2021-06-23
214,586,2021-05-15
214,522,2021-05-10
214,618,2021-05-09
214,620,2021-05-01
214,567,2021-06-18
214,526,2021-05-25
214,586,2021-05-29
214,523,2021-06-16
214,561,2021-06-06
214,598,2021-05-29
215,592,2021-05-26
215,573,2021-05-16
215,555,2021-06-15
215,576,2021-06-05
215,618,2021-05-04
215,534,2021-05-16
215,582,2021-06-02
215,619,2021-06-27
215,531,2021-06-01
215,548,2021-05-19
215,511,2021-06-29
215,546,2021-05-08
215,564,2021-06-15
215,532,2021-06-21
215,543,2021-05-01
215,510,2021-05-27
215,557,2021-06-06
215,558,2021-05-05
215,547,2021-06-26
215,556,2021-06-13
215,527,2021-06-07
215,592,2021-06-14
215,607,2021-06-13
215,501,2021-06-11
216,670,2021-05-17
216,635,2021-05-25
216,734,2021-05-01
216,629,2021-06-01
216,715,2021-06-07
216,656,2021-06-14
216,746,2021-05-07
216,643,2021-05-04
216,700,2021-05-01
216,670,2021-06-22
216,717,2021-05-08
216,703,2021-06-10
216,641,2021-06-13
216,682,2021-06-24
216,651,2021-05-11
216,691,2021-06-15
216,684,2021-06-02
216,704,2021-06-15
216,721,2021-06-17
216,707,2021-05-12
216,674,2021-06-11
216,721,2021-06-02
216,686,2021-05-02
217,631,2021-06-23
217,748,2021-06-15
217,635,2021-05-08
217,678,2021-05-03
217,746,2021-06-15
217,738,2021-06-11
217,659,2021-06-24
217,690,2021-06-04
217,666,2021-05-27
217,675,2021-05-21
217,712,2021-05-15
217,680,2021-06-05
217,652,2021-05-24
217,649,2021-06-04
217,648,2021-06-18
217,698,2021-05-26
217,715,2021-05-11
217,638,2021-06-20
217,706,2021-06-24
217,706,2021-05-30
217,673,2021-05-03
217,649,2021-06-26
218,703,2021-05-06
218,650,2021-06-13
218,695,2021-06-10
218,682,2021-06-17
218,729,2021-06-14
218,720,2021-06-01
218,627,2021-06-09
218,701,2021-06-20
218,749,2021-06-19
218,663,2021-05-07
218,730,2021-06-22
218,749,2021-06-26
218,733,2021-05-13
218,728,2021-05-17
219,741,2021-06-29
219,641,2021-06-18
219,690,2021-05-17
219,667,2021-05-01
219,642,2021-05-17
219,681,2021-05-15
219,661,2021-05-06
220,688,2021-06-04
220,667,2021-06-05
220,633,2021-05-17
220,715,2021-05-07
220,700,2021-05-05
220,738,2021-05-18
220,714,2021-06-01
220,738,2021-06-29
220,706,2021-06-30
221,630,2021-05-13
221,716,2021-06-29
221,636,2021-05-09
221,626,2021-05-19
221,671,2021-06-28
221,632,2021-06-05
221,749,2021-06-26
221,750,2021-05-13
221,744,2021-05-12
222,653,2021-05-23
222,644,2021-06-08
222,705,2021-06-24
222,639,2021-06-12
222,654,2021-05-10
222,723,2021-05-16
222,646,2021-06-14
222,747,2021-06-12
222,637,2021-06-09
222,713,2021-06-27
222,644,2021-05-07
222,669,2021-06-14
222,657,2021-06-17
222,673,2021-05-07
222,725,2021-06-27
222,717,2021-06-22
222,702,2021-05-12
222,700,2021-05-31
222,632,2021-05-29
222,716,2021-05-30
222,677,2021-05-23
222,694,2021-06-26
222,636,2021-06-11
222,660,2021-06-21
222,694,2021-05-25
222,668,2021-06-11
223,667,2021-06-07
223,670,2021-06-03
223,715,2021-06-12
223,670,2021-06-11
223,704,2021-06-05
223,633,2021-05-12
223,689,2021-05-08
223,723,2021-06-29
223,690,2021-06-08
223,727,2021-06-02
223,636,2021-05-17
223,716,2021-06-11
223,719,2021-05-24
223,707,2021-05-17
223,672,2021-05-23
223,740,2021-06-04
224,711,2021-05-29
224,627,2021-06-05
224,663,2021-06-10
224,686,2021-06-17
224,724,2021-05-29
224,748,2021-06-30
224,652,2021-05-03
225,776,2021-06-02
225,842,2021-05-19
225,784,2021-06-11
225,759,2021-05-28
225,866,2021-06-19
225,852,2021-05-31
225,832,2021-05-01
225,807,2021-05-20
225,869,2021-06-29
225,839,2021-05-18
225,864,2021-06-14
225,786,2021-06-18
225,763,2021-05-22
225,778,2021-05-07
225,851,2021-06-25
225,804,2021-05-22
225,860,2021-06-29
225,816,2021-06-15
226,863,2021-06-25
226,831,2021-06-09
226,763,2021-05-05
226,794,2021-06-01
226,830,2021-05-27
226,799,2021-05-16
226,770,2021-06-02
226,865,2021-05-03
226,757,2021-06-17
226,844,2021-05-30
226,843,2021-05-11
226,828,2021-06-19
226,856,2021-06-05
226,850,2021-05-12
226,783,2021-06-18
226,854,2021-05-14
227,963,2021-05-07
227,950,2021-06-10
227,992,2021-06-02
227,933,2021-05-17
227,956,2021-06-23
227,969,2021-05-16
227,916,2021-06-20
227,994,2021-06-18
227,881,2021-05-01
227,900,2021-06-20
227,959,2021-06-07
227,996,2021-06-01
227,880,2021-05-01
227,914,2021-05-12
227,979,2021-05-31
227,995,2021-05-14
227,933,2021-06-15
227,934,2021-06-13
227,877,2021-06-12
227,907,2021-06-14
228,982,2021-06-17
228,890,2021-05-17
228,957,2021-05-13
228,919,2021-06-10
228,947,2021-06-14
228,915,2021-05-18
228,952,2021-05-05
228,944,2021-05-02
228,994,2021-05-02
228,970,2021-05-14
228,939,2021-05-10
229,899,2021-05-08
229,937,2021-06-20
229,887,2021-06-27
229,984,2021-05-15
229,889,2021-06-11
229,923,2021-06-30
229,953,2021-06-25
230,917,2021-06-05
230,890,2021-05-02
230,919,2021-05-22
230,970,2021-05-21
230,975,2021-06-15
230,984,2021-06-04
230,931,2021-05-23
230,909,2021-05-15
230,948,2021-05-04
230,971,2021-06-25
230,981,2021-06-29
231,999,2021-05-08
231,990,2021-06-21
231,887,2021-06-30
231,908,2021-05-02
231,886,2021-06-30
231,891,2021-06-21
232,12,2021-06-03
232,125,2021-06-07
232,85,2021-06-16
232,10,2021-06-26
232,36,2021-05-18
232,110,2021-05-03
232,106,2021-05-26
232,78,2021-05-07
232,30,2021-05-02
232,12,2021-05-12
232,17,2021-06-28
232,77,2021-06-13
232,39,2021-05-14
232,6,2021-06-20
232,18,2021-06-05
232,44,2021-05-02
232,19,2021-06-22
232,47,2021-05-01
232,77,2021-05-30
232,120,2021-05-10
232,45,2021-05-04
233,56,2021-05-11
233,30,2021-06-08
233,81,2021-05-20
233,115,2021-05-10
233,83,2021-06-30
233,74,2021-05-14
233,102,2021-06-14
233,115,2021-06-23
233,15,2021-05-17
233,86,2021-05-08
233,50,2021-05-07
233,119,2021-05-12
233,117,2021-05-14
233,103,2021-06-18
233,96,2021-05-31
233,41,2021-06-21
233,33,2021-06-28
233,58,2021-06-28
234,16,2021-05-31
234,103,2021-06-25
234,52,2021-06-29
234,92,2021-05-18
234,75,2021-05-30
234,78,2021-06-03
234,16,2021-05-18
234,110,2021-06-15
234,47,2021-06-27
234,8,2021-06-20
234,51,2021-05-14
234,63,2021-05-01
234,12,2021-06-03
234,11,2021-05-24
234,7,2021-05-13
234,17,2021-06-16
234,21,2021-06-10
234,63,2021-05-07
235,19,2021-06-05
235,59,2021-05-20
235,109,2021-05-18
235,88,2021-06-29
235,124,2021-05-03
235,112,2021-05-24
235,3,2021-06-21
235,89,2021-05-30
235,119,2021-06-07
235,92,2021-05-17
235,24,2021-05-04
235,82,2021-06-03
235,11,2021-06-30
235,64,2021-06-15
235,2,2021-06-30
235,34,2021-06-27
235,123,2021-05-26
236,202,2021-06-26
236,245,2021-06-30
236,154,2021-05-19
236,214,2021-05-26
236,244,2021-05-31
236,190,2021-06-25
236,231,2021-06-29
236,149,2021-05-27
236,138,2021-06-19
237,144,2021-05-28
237,243,2021-06-28
237,241,2021-06-28
237,210,2021-05-01
237,178,2021-06-19
237,230,2021-05-05
237,249,2021-05-26
237,175,2021-05-09
237,219,2021-06-23
237,227,2021-05-27
237,227,2021-06-27
237,213,2021-05-24
237,185,2021-06-17
237,173,2021-06-20
237,127,2021-06-08
237,170,2021-05-22
237,128,2021-06-09
237,131,2021-05-23
237,168,2021-06-19
237,154,2021-05-07
237,160,2021-05-10
237,160,2021-05-03
237,130,2021-06-25
237,197,2021-06-20
237,194,2021-05-12
238,231,2021-05-01
238,131,2021-06-21
238,183,2021-05-04
238,228,2021-05-17
238,199,2021-06-03
239,199,2021-05-03
239,148,2021-06-01
239,145,2021-06-11
239,221,2021-05-22
239,184,2021-06-27
239,127,2021-06-27
239,197,2021-06-30
240,241,2021-06-14
240,164,2021-05-19
240,203,2021-05-10
240,184,2021-06-27
240,165,2021-05-20
240,225,2021-05-25
240,237,2021-06-12
240,244,2021-06-26
240,203,2021-05-19
240,190,2021-05-16
240,235,2021-05-12
240,233,2021-06-28
240,214,2021-06-05
240,232,2021-06-10
241,220,2021-05-24
241,141,2021-05-03
241,233,2021-06-06
241,247,2021-05-10
241,244,2021-05-15
241,240,2021-05-17
241,238,2021-05-09
241,226,2021-06-30
241,178,2021-06-26
241,238,2021-06-08
241,197,2021-06-10
241,204,2021-06-15
241,186,2021-06-24
241,241,2021-06-13
241,138,2021-05-22
241,247,2021-05-11
241,210,2021-05-07
241,183,2021-06-10
241,248,2021-05-14
241,168,2021-06-12
241,155,2021-05-15
241,227,2021-05-04
242,225,2021-06-29
242,151,2021-06-17
242,214,2021-06-27
242,233,2021-06-29
242,209,2021-06-10
242,241,2021-05-18
242,177,2021-05-19
242,128,2021-06-27
242,209,2021-05-14
242,188,2021-05-10
242,177,2021-06-21
242,223,2021-05-17
243,145,2021-05-11
243,178,2021-05-10
243,225,2021-05-19
243,231,2021-06-23
243,248,2021-06-06
243,144,2021-05-18
243,169,2021-06-01
243,224,2021-06-30
243,180,2021-05-21
243,175,2021-06-04
243,229,2021-06-10
243,199,2021-05-24
243,129,2021-05-03
243,131,2021-05-22
243,243,2021-05-17
243,161,2021-06-06
243,185,2021-05-05
243,143,2021-05-09
243,144,2021-06-01
243,149,2021-06-04
243,189,2021-05-06
243,220,2021-05-29
243,215,2021-06-18
244,231,2021-06-08
244,210,2021-06-25
244,203,2021-05-10
244,144,2021-06-29
244,160,2021-06-24
244,156,2021-05-31
244,152,2021-05-16
244,191,2021-06-06
244,230,2021-05-01
245,330,2021-06-20
245,313,2021-06-16
245,317,2021-05-06
245,332,2021-05-11
245,279,2021-05-29
245,276,2021-05-03
245,264,2021-05-22
245,262,2021-06-14
245,264,2021-05-31
245,353,2021-05-05
245,367,2021-05-21
245,354,2021-05-27
245,291,2021-06-07
245,258,2021-06-21
245,267,2021-05-18
246,353,2021-06-07
246,353,2021-06-12
246,319,2021-06-18
246,339,2021-05-05
246,329,2021-05-03
246,288,2021-06-10
246,308,2021-05-12
247,280,2021-05-28
247,313,2021-05-02
247,332,2021-06-11
247,307,2021-05-01
247,336,2021-05-23
247,263,2021-06-16
247,306,2021-06-14
248,319,2021-06-23
248,291,2021-06-29
248,354,2021-06-20
248,326,2021-05-11
248,292,2021-05-04
248,362,2021-05-09
248,283,2021-06-06
248,352,2021-06-21
248,298,2021-06-26
248,292,2021-05-03
248,296,2021-05-09
248,271,2021-05-10
248,261,2021-06-29
248,255,2021-05-23
248,258,2021-05-20
248,342,2021-05-29
248,288,2021-05-05
248,303,2021-05-19
248,257,2021-06-25
248,296,2021-06-02
248,289,2021-05-05
248,252,2021-06-06
248,262,2021-05-16
248,346,2021-05-24
248,289,2021-06-27
249,378,2021-05-03
249,491,2021-05-08
249,483,2021-06-08
249,424,2021-06-28
249,380,2021-06-02
249,447,2021-06-26
250,439,2021-05-08
250,388,2021-05-09
250,458,2021-05-14
250,405,2021-06-01
250,400,2021-05-15
250,396,2021-05-24
250,382,2021-06-18
250,478,2021-06-07
250,425,2021-05-12
250,484,2021-05-28
250,425,2021-05-02
250,417,2021-06-10
250,390,2021-06-19
250,418,2021-05-21
250,474,2021-05-19
250,385,2021-06-28
250,435,2021-05-26
250,387,2021-05-14
250,482,2021-05-14
250,394,2021-05-10
250,498,2021-05-22
250,457,2021-06-13
250,437,2021-05-26
250,446,2021-05-16
250,470,2021-05-28
251,450,2021-06-22
251,383,2021-06-14
251,490,2021-06-04
251,476,2021-06-10
251,401,2021-05-16
252,475,2021-05-08
252,423,2021-06-10
252,495,2021-05-09
252,424,2021-06-06
252,420,2021-05-14
252,482,2021-05-22
252,439,2021-06-12
252,384,2021-06-12
252,391,2021-05-28
252,436,2021-05-02
252,394,2021-06-13
252,405,2021-06-04
252,383,2021-06-11
252,425,2021-05-27
252,377,2021-05-16
252,496,2021-05-04
252,493,2021-06-16
252,457,2021-06-28
252,411,2021-06-24
253,500,2021-05-28
253,405,2021-06-06
253,459,2021-06-08
253,410,2021-06-13
253,469,2021-06-09
253,377,2021-05-25
253,459,2021-06-19
253,471,2021-05-03
253,466,2021-06-16
253,492,2021-06-26
253,378,2021-06-19
253,398,2021-06-17
253,386,2021-05-15
253,385,2021-05-06
253,454,2021-06-19
253,398,2021-05-03
253,478,2021-05-19
253,396,2021-05-16
254,480,2021-05-26
254,396,2021-05-22
254,388,2021-05-29
254,408,2021-06-23
254,412,2021-05-11
254,490,2021-05-05
254,489,2021-05-13
254,421,2021-05-29
254,385,2021-05-06
254,454,2021-06-04
254,410,2021-06-01
254,483,2021-05-21
254,458,2021-06-14
255,523,2021-06-04
255,609,2021-06-14
255,574,2021-05-13
255,600,2021-06-20
255,617,2021-05-28
255,620,2021-06-28
255,536,2021-05-10
255,572,2021-06-11
255,574,2021-05-04
255,508,2021-05-29
255,529,2021-05-17
255,553,2021-06-13
255,612,2021-06-16
255,565,2021-06-18
255,602,2021-05-19
255,509,2021-06-29
255,608,2021-05-10
255,587,2021-05-06
255,574,2021-05-13
256,568,2021-05-05
256,580,2021-06-23
256,547,2021-06-22
256,621,2021-05-12
256,583,2021-06-21
256,547,2021-06-16
256,616,2021-05-31
256,614,2021-05-20
256,562,2021-06-23
256,521,2021-06-26
256,574,2021-05-12
256,542,2021-06-17
256,601,2021-05-23
256,511,2021-05-06
256,552,2021-05-22
256,550,2021-06-29
256,605,2021-06-21
256,585,2021-06-17
256,509,2021-05-31
256,591,2021-05-24
256,533,2021-05-13
256,524,2021-05-26
256,606,2021-05-30
256,508,2021-06-21
256,609,2021-06-14
256,577,2021-06-07
257,558,2021-05-09
257,522,2021-06-30
257,542,2021-05-15
257,596,2021-05-20
257,538,2021-06-21
257,621,2021-06-20
257,576,2021-06-12
257,607,2021-06-13
257,597,2021-05-30
257,621,2021-06-04
258,615,2021-06-01
258,551,2021-06-23
258,613,2021-06-25
258,619,2021-05-02
258,577,2021-05-09
258,581,2021-05-03
258,567,2021-05-12
258,604,2021-06-16
258,589,2021-06-27
258,561,2021-05-17
258,585,2021-06-19
258,542,2021-06-16
259,674,2021-06-20
259,669,2021-06-07
259,665,2021-06-22
259,716,2021-05-15
259,626,2021-06-25
259,736,2021-05-24
259,630,2021-06-04
259,646,2021-06-01
259,652,2021-06-15
259,629,2021-05-21
259,666,2021-06-10
259,680,2021-06-06
259,738,2021-05-20
259,702,2021-06-29
259,738,2021-06-29
259,727,2021-06-26
259,647,2021-05-09
259,734,2021-05-29
259,710,2021-05-23
259,660,2021-05-27
259,634,2021-06-14
259,712,2021-06-14
259,683,2021-05-06
259,660,2021-05-03
259,739,2021-05-27
260,716,2021-05-06
260,710,2021-05-22
260,690,2021-05-13
260,662,2021-06-27
260,723,2021-05-12
260,655,2021-05-05
260,740,2021-06-10
260,748,2021-06-09
260,713,2021-05-27
260,711,2021-05-01
260,742,2021-05-28
260,639,2021-05-26
260,745,2021-06-13
260,746,2021-05-30
260,735,2021-05-28
260,646,2021-05-13
260,729,2021-05-17
260,716,2021-06-25
260,694,2021-06-25
260,747,2021-06-26
260,685,2021-05-07
260,626,2021-05-23
260,695,2021-05-24
260,664,2021-06-03
261,749,2021-06-05
261,742,2021-06-29
261,740,2021-05-21
261,733,2021-06-03
261,691,2021-06-18
261,738,2021-06-03
261,704,2021-05-23
261,651,2021-06-17
261,682,2021-06-24
261,689,2021-05-30
261,679,2021-06-21
261,678,2021-06-08
261,629,2021-06-21
261,687,2021-06-27
261,734,2021-06-03
261,728,2021-06-29
261,709,2021-06-22
261,724,2021-06-24
261,692,2021-05-21
261,713,2021-06-19
261,744,2021-06-22
261,703,2021-06-07
261,678,2021-06-21
261,649,2021-06-15
261,626,2021-05-08
262,678,2021-06-07
262,691,2021-05-10
262,650,2021-06-15
262,697,2021-05-24
262,645,2021-06-11
262,724,2021-06-28
262,723,2021-05-19
262,706,2021-06-27
262,631,2021-06-18
262,626,2021-05-07
262,750,2021-05-11
262,638,2021-06-13
262,647,2021-05-11
262,726,2021-06-22
262,643,2021-05-14
263,817,2021-06-13
263,851,2021-06-07
263,784,2021-05-19
263,831,2021-05-22
263,797,2021-06-27
263,774,2021-06-16
263,860,2021-06-12
263,810,2021-05-21
263,850,2021-05-25
263,833,2021-05-09
263,842,2021-06-20
263,804,2021-06-03
264,754,2021-05-25
264,793,2021-06-20
264,782,2021-06-10
264,776,2021-06-09
264,858,2021-05-13
264,771,2021-05-10
264,766,2021-06-12
264,823,2021-06-17
265,768,2021-05-08
265,875,2021-05-30
265,766,2021-06-09
265,774,2021-05-03
265,785,2021-05-28
265,871,2021-05-06
265,837,2021-05-20
265,781,2021-05-22
265,776,2021-05-19
265,763,2021-06-13
265,846,2021-05-03
265,838,2021-06-02
265,839,2021-05-05
265,811,2021-05-26
265,763,2021-06-01
265,807,2021-05-09
266,974,2021-06-17
266,919,2021-05-20
266,942,2021-06-24
266,882,2021-06-07
266,890,2021-05-13
266,956,2021-05-05
266,887,2021-05-13
266,923,2021-05-09
266,900,2021-05-27
266,909,2021-05-18
266,944,2021-05-28
266,884,2021-06-02
266,993,2021-06-30
266,990,2021-05-01
266,889,2021-06-23
266,942,2021-06-22
266,891,2021-06-16
267,961,2021-05-22
267,900,2021-06-05
267,996,2021-06-27
267,947,2021-05-12
267,986,2021-05-24
267,995,2021-05-19
267,947,2021-05-13
267,882,2021-05-13
267,958,2021-05-16
267,923,2021-06-15
267,962,2021-05-26
267,1000,2021-05-12
267,932,2021-06-28
268,934,2021-06-08
268,906,2021-06-08
268,900,2021-06-15
268,944,2021-06-23
268,953,2021-05-07
269,945,2021-05-16
269,993,2021-05-31
269,926,2021-05-08
269,970,2021-06-30
269,907,2021-05-13
269,964,2021-06-16
269,909,2021-06-19
269,951,2021-06-04
269,985,2021-06-11
269,917,2021-05-31
269,944,2021-06-30
269,910,2021-05-25
269,963,2021-05-12
