customer_id,i_shedule_id,training_date
35,1022,2021-06-16
107,1028,2021-06-09
23,9,2021-05-10
86,1022,2021-06-30
23,530,2021-06-29
23,6,2021-05-24
86,1548,2021-05-27
35,1026,2021-05-19
23,4,2021-05-03
95,1022,2021-06-30
86,2,2021-06-07
23,2573,2021-05-22
95,1022,2021-06-16
86,2570,2021-07-03
86,1547,2021-06-10
76,2577,2021-05-08
2,15,2021-06-21
12,533,2021-06-15
6,2577,2021-05-29
64,2578,2021-06-19
64,534,2021-06-01
18,2578,2021-06-26
76,537,2021-05-18
12,2575,2021-06-05
12,536,2021-05-25
12,1551,2021-07-08
76,2054,2021-05-14
12,18,2021-07-05
76,539,2021-05-11
76,535,2021-06-08
12,11,2021-07-05
2,14,2021-07-05
6,537,2021-06-15
64,2576,2021-05-29
76,533,2021-05-04
18,12,2021-06-07
12,10,2021-05-24
6,539,2021-07-06
2,1551,2021-07-01
12,535,2021-05-11
12,539,2021-06-01
6,1555,2021-06-10
64,535,2021-06-22
19,28,2021-06-14
55,2583,2021-06-19
59,2585,2021-05-15
34,20,2021-05-31
19,2057,2021-06-25
34,542,2021-06-08
34,540,2021-06-15
59,540,2021-05-25
19,2585,2021-07-10
19,27,2021-05-10
19,2582,2021-05-29
19,2059,2021-05-21
80,2064,2021-05-07
110,2590,2021-05-29
110,2060,2021-06-18
80,2591,2021-05-29
110,2591,2021-05-29
71,2590,2021-06-12
71,36,2021-05-10
71,546,2021-06-08
71,36,2021-05-10
71,38,2021-05-10
71,2063,2021-05-07
71,2592,2021-05-08
71,2590,2021-05-15
71,2063,2021-06-18
80,2594,2021-07-10
80,549,2021-05-04
110,2596,2021-05-15
80,35,2021-05-03
110,2064,2021-05-14
70,40,2021-06-21
70,556,2021-07-06
70,2600,2021-05-29
70,2597,2021-06-12
84,1036,2021-05-19
84,3047,2021-07-11
70,553,2021-06-08
97,3054,2021-06-27
84,1036,2021-05-12
70,1036,2021-05-26
70,40,2021-06-21
50,556,2021-05-25
50,1037,2021-06-23
50,2066,2021-05-21
84,39,2021-06-07
97,3050,2021-05-16
70,552,2021-05-18
70,559,2021-06-22
84,3050,2021-05-16
70,39,2021-07-05
84,557,2021-05-04
84,559,2021-05-11
97,1037,2021-06-02
66,2605,2021-06-12
69,1042,2021-07-07
69,1569,2021-05-06
63,3057,2021-05-23
112,565,2021-05-25
112,2071,2021-06-25
112,562,2021-05-25
112,563,2021-06-08
112,1576,2021-06-10
112,2072,2021-07-02
63,3057,2021-07-11
66,2605,2021-06-05
66,1574,2021-06-17
69,1040,2021-06-30
112,560,2021-06-15
112,1574,2021-05-06
66,1043,2021-05-05
118,2071,2021-06-04
112,43,2021-06-28
112,1042,2021-06-02
118,1041,2021-07-07
63,1041,2021-05-12
108,2610,2021-06-26
108,569,2021-05-04
87,3066,2021-05-30
87,572,2021-07-06
87,2609,2021-05-15
108,2076,2021-05-14
108,571,2021-06-15
20,3060,2021-06-13
108,2610,2021-05-29
108,3061,2021-06-20
20,2610,2021-05-08
108,3060,2021-05-30
20,571,2021-07-06
87,574,2021-06-29
20,3058,2021-05-23
20,3061,2021-06-20
20,49,2021-05-17
108,570,2021-05-04
108,2076,2021-06-25
20,3059,2021-06-27
20,574,2021-05-11
108,3064,2021-05-30
87,1050,2021-06-30
20,49,2021-07-05
87,3058,2021-05-16
92,3072,2021-06-13
51,3071,2021-06-20
92,50,2021-05-24
31,3069,2021-06-20
31,2613,2021-06-05
92,51,2021-06-21
92,1060,2021-06-16
92,51,2021-06-07
31,1056,2021-06-16
22,3075,2021-06-20
22,3067,2021-05-30
22,53,2021-07-05
22,3073,2021-07-04
17,3073,2021-05-23
17,3068,2021-06-27
51,578,2021-06-29
92,1577,2021-07-08
51,576,2021-05-25
22,3072,2021-07-04
22,1579,2021-07-08
22,3070,2021-05-16
22,577,2021-06-15
45,575,2021-06-15
22,3076,2021-05-16
120,1584,2021-06-24
67,584,2021-07-06
36,54,2021-05-10
120,1066,2021-06-16
36,1584,2021-05-20
67,581,2021-05-11
91,1588,2021-06-17
91,1068,2021-06-09
120,1587,2021-05-20
67,583,2021-06-22
67,1067,2021-06-30
36,580,2021-05-04
67,1588,2021-06-03
36,1066,2021-05-26
36,582,2021-05-11
67,60,2021-06-21
67,1070,2021-06-23
36,1064,2021-05-26
67,3078,2021-06-27
36,55,2021-06-21
67,1585,2021-05-13
91,1589,2021-05-13
120,580,2021-05-18
67,580,2021-05-25
36,3079,2021-06-06
120,59,2021-06-14
36,2614,2021-05-15
91,55,2021-05-17
67,1589,2021-06-17
67,3077,2021-05-16
102,2083,2021-06-04
56,62,2021-05-31
53,3085,2021-07-04
102,3086,2021-06-13
102,3084,2021-05-30
102,585,2021-05-11
56,3087,2021-05-30
115,3084,2021-06-13
102,1072,2021-06-30
102,587,2021-06-15
56,1073,2021-07-07
53,2082,2021-05-07
56,2082,2021-05-07
115,586,2021-05-11
53,2084,2021-06-11
53,2084,2021-06-04
53,587,2021-06-08
56,1071,2021-05-05
105,68,2021-05-24
89,3096,2021-06-06
89,2623,2021-06-19
72,1078,2021-06-16
89,1087,2021-06-30
21,1083,2021-06-30
46,3097,2021-05-30
89,3091,2021-06-27
105,1082,2021-06-23
105,69,2021-05-31
21,2620,2021-05-29
21,2623,2021-05-08
72,3092,2021-07-11
105,66,2021-05-03
72,67,2021-07-05
82,66,2021-06-14
82,1084,2021-06-23
82,2621,2021-06-12
49,2616,2021-06-05
49,63,2021-06-21
49,2618,2021-05-29
4,2090,2021-05-14
104,593,2021-05-04
4,1593,2021-06-03
77,1599,2021-07-08
79,2090,2021-05-28
30,590,2021-05-25
74,591,2021-05-11
30,589,2021-05-18
104,592,2021-06-15
79,1089,2021-06-30
4,3103,2021-05-30
77,594,2021-06-15
74,1594,2021-05-06
4,1592,2021-06-10
30,1092,2021-06-09
79,3100,2021-07-04
104,2088,2021-06-04
30,588,2021-05-04
77,71,2021-06-21
30,3104,2021-07-11
7,1601,2021-05-27
124,1098,2021-06-09
124,3109,2021-06-13
113,76,2021-06-21
113,1096,2021-07-07
117,597,2021-05-25
7,3105,2021-06-13
7,1100,2021-06-09
7,76,2021-05-31
124,80,2021-05-10
117,2092,2021-06-04
7,2092,2021-06-25
113,76,2021-07-05
117,603,2021-05-25
7,3109,2021-05-23
124,78,2021-06-21
7,1095,2021-06-30
124,2092,2021-05-14
124,3107,2021-07-04
40,79,2021-05-10
203,82,2021-06-14
186,2099,2021-06-18
186,2100,2021-06-18
157,2626,2021-05-15
245,83,2021-05-10
248,83,2021-05-03
142,82,2021-05-10
157,2626,2021-06-12
186,82,2021-05-17
245,3111,2021-06-20
203,2100,2021-06-04
248,2097,2021-06-04
186,2094,2021-06-04
157,3110,2021-06-20
245,3110,2021-07-04
203,3110,2021-07-04
157,3110,2021-05-30
157,2098,2021-06-25
186,604,2021-07-06
142,2100,2021-07-02
248,2096,2021-05-07
203,2098,2021-05-14
203,2627,2021-07-10
126,2633,2021-05-22
134,1104,2021-05-26
126,1605,2021-05-06
126,1606,2021-05-06
243,606,2021-05-11
126,2630,2021-05-15
126,1605,2021-07-01
159,2636,2021-07-10
159,1608,2021-07-01
159,86,2021-05-03
159,1604,2021-05-20
189,92,2021-05-24
212,1611,2021-06-10
189,3114,2021-07-11
189,1610,2021-06-03
212,2640,2021-06-12
135,2646,2021-06-05
212,2638,2021-07-10
189,3116,2021-07-04
135,614,2021-05-18
212,610,2021-05-04
135,2640,2021-05-15
231,2108,2021-05-07
146,96,2021-06-21
244,616,2021-06-08
244,1111,2021-05-05
208,1114,2021-05-26
231,3120,2021-05-30
146,96,2021-05-31
208,2104,2021-05-28
208,1114,2021-06-16
231,1112,2021-06-30
202,1111,2021-05-19
240,1616,2021-07-08
231,1616,2021-05-06
202,2650,2021-06-26
231,2651,2021-05-29
240,2110,2021-05-28
140,2110,2021-06-18
140,2110,2021-07-02
140,1616,2021-05-13
231,2105,2021-05-28
231,2106,2021-05-28
146,616,2021-06-22
146,2109,2021-06-25
250,3122,2021-07-04
250,1619,2021-05-06
250,3122,2021-07-04
250,3128,2021-06-06
250,1620,2021-07-08
250,619,2021-06-15
250,3122,2021-05-23
250,3125,2021-07-04
250,618,2021-07-06
250,2116,2021-07-02
250,3127,2021-06-13
250,2652,2021-06-12
250,2116,2021-06-04
250,3128,2021-06-27
250,2113,2021-05-14
250,3128,2021-06-20
250,3124,2021-06-27
191,623,2021-06-15
199,2659,2021-05-15
191,1117,2021-06-09
147,1118,2021-06-09
191,2656,2021-06-26
199,1118,2021-07-07
199,2119,2021-05-28
147,2119,2021-05-14
239,2656,2021-05-08
239,2659,2021-05-22
218,1116,2021-06-02
191,98,2021-07-05
218,2659,2021-05-08
147,1115,2021-05-12
239,2656,2021-06-12
230,3132,2021-05-30
177,1119,2021-06-09
177,99,2021-05-10
177,99,2021-06-14
177,2661,2021-07-03
230,100,2021-05-17
177,628,2021-05-11
177,1630,2021-05-20
230,631,2021-06-22
177,631,2021-06-22
230,1625,2021-06-10
177,626,2021-06-15
177,1625,2021-06-24
230,631,2021-07-06
177,1627,2021-05-27
177,626,2021-06-08
177,1122,2021-05-12
177,1123,2021-05-26
177,1630,2021-06-17
230,100,2021-05-31
230,629,2021-05-04
177,1631,2021-06-24
177,1123,2021-06-09
178,2669,2021-05-22
178,2667,2021-06-26
170,635,2021-05-25
196,2667,2021-06-26
242,1632,2021-07-01
196,101,2021-05-03
170,3136,2021-06-27
170,101,2021-06-14
178,2668,2021-05-22
133,3136,2021-05-30
196,636,2021-06-01
170,2666,2021-06-26
178,2666,2021-06-12
242,1125,2021-05-05
196,633,2021-06-08
196,633,2021-07-06
133,3136,2021-07-04
133,633,2021-05-04
170,639,2021-05-25
133,633,2021-05-18
242,1129,2021-07-07
242,1633,2021-06-17
242,1126,2021-06-23
178,2667,2021-06-12
242,1633,2021-06-10
196,2663,2021-06-05
242,639,2021-07-06
226,1640,2021-07-08
185,1132,2021-06-23
174,2671,2021-05-22
216,1133,2021-06-09
185,3137,2021-07-11
181,1638,2021-06-17
185,1133,2021-06-09
181,1640,2021-06-03
174,1641,2021-07-01
181,1639,2021-05-20
174,1634,2021-07-08
181,113,2021-05-17
165,1640,2021-06-03
216,1642,2021-07-08
174,1133,2021-06-02
165,113,2021-06-07
165,116,2021-05-10
185,1634,2021-06-17
181,1637,2021-06-24
226,1638,2021-06-03
128,1139,2021-05-26
179,648,2021-06-01
207,1646,2021-06-10
132,3142,2021-06-06
207,1140,2021-05-12
207,2121,2021-07-09
235,1141,2021-06-09
132,1647,2021-07-08
207,3146,2021-05-30
158,1648,2021-06-24
235,649,2021-06-08
229,650,2021-05-25
207,2122,2021-06-18
207,3146,2021-06-06
179,3145,2021-06-20
148,122,2021-05-17
217,3147,2021-05-30
219,655,2021-05-18
197,2675,2021-07-03
194,2677,2021-05-22
215,120,2021-06-14
197,1145,2021-05-19
197,1652,2021-06-24
209,2678,2021-06-12
217,1654,2021-07-08
209,1656,2021-05-27
197,1653,2021-06-03
217,1145,2021-06-16
217,1151,2021-05-19
129,1659,2021-05-06
215,3148,2021-06-20
129,655,2021-06-22
209,123,2021-05-10
211,1152,2021-06-09
136,1667,2021-06-24
211,131,2021-05-03
187,1153,2021-05-26
136,1154,2021-05-19
166,1665,2021-07-01
166,661,2021-05-18
187,658,2021-06-29
211,661,2021-05-25
187,1661,2021-07-01
136,2128,2021-05-28
166,1154,2021-05-19
211,1154,2021-06-02
166,125,2021-05-31
187,1667,2021-05-06
187,1155,2021-05-05
136,1666,2021-06-24
211,1664,2021-06-10
166,1152,2021-05-26
166,1662,2021-06-17
232,658,2021-06-22
166,1665,2021-07-08
166,2130,2021-05-14
211,1669,2021-06-24
187,126,2021-06-14
136,658,2021-05-11
211,2130,2021-05-07
211,1154,2021-05-19
166,1666,2021-06-03
246,133,2021-05-24
237,137,2021-05-17
234,2133,2021-05-21
237,2137,2021-06-04
234,135,2021-05-10
167,2140,2021-06-18
237,2131,2021-06-04
167,2133,2021-07-02
234,3152,2021-05-16
246,1672,2021-07-08
167,2139,2021-05-21
237,2139,2021-05-07
167,1160,2021-05-26
167,2135,2021-05-07
246,1674,2021-05-20
234,2139,2021-05-14
167,2136,2021-05-07
246,137,2021-06-21
237,135,2021-07-05
246,3158,2021-05-30
237,1672,2021-06-10
167,663,2021-06-01
167,1673,2021-05-20
374,1164,2021-07-07
287,2684,2021-06-19
265,139,2021-05-31
374,141,2021-07-05
313,138,2021-06-21
265,2143,2021-05-21
265,2680,2021-06-12
287,2682,2021-06-12
374,2143,2021-07-02
288,2681,2021-05-15
358,2141,2021-07-09
313,1161,2021-07-07
265,3164,2021-07-11
358,3161,2021-06-06
288,3165,2021-05-30
288,3164,2021-06-27
313,2684,2021-05-15
358,1165,2021-05-05
288,2141,2021-06-25
265,141,2021-06-28
289,3175,2021-05-23
339,671,2021-06-29
339,667,2021-06-08
317,666,2021-06-08
289,2690,2021-05-22
372,670,2021-05-04
354,671,2021-06-29
339,3169,2021-07-11
251,2692,2021-06-19
325,2690,2021-06-26
306,1168,2021-06-23
272,1167,2021-06-02
317,2685,2021-07-10
251,3170,2021-06-13
330,2152,2021-05-28
291,2148,2021-05-28
291,1679,2021-05-13
291,3177,2021-06-13
330,2149,2021-05-14
330,2693,2021-06-19
291,2149,2021-06-18
291,1682,2021-05-06
330,3182,2021-05-23
330,1679,2021-06-03
291,2152,2021-06-18
330,2149,2021-05-28
291,1678,2021-05-20
330,3180,2021-07-11
291,3176,2021-06-06
291,1684,2021-07-08
291,2148,2021-05-28
291,673,2021-05-18
291,1175,2021-05-19
291,3178,2021-05-30
291,2693,2021-05-15
323,1690,2021-06-17
290,1688,2021-07-08
314,1182,2021-06-09
314,1187,2021-05-05
323,679,2021-05-11
290,2697,2021-06-26
301,1189,2021-06-09
329,1189,2021-05-05
329,675,2021-06-01
323,2696,2021-06-26
301,2697,2021-05-29
329,679,2021-06-08
301,1689,2021-05-27
290,2698,2021-05-08
314,3188,2021-06-27
333,2158,2021-06-04
323,2153,2021-06-25
301,1685,2021-06-17
290,680,2021-05-25
301,1691,2021-05-20
301,1691,2021-06-24
301,2700,2021-05-29
329,1688,2021-05-27
323,3187,2021-06-06
301,681,2021-06-01
290,146,2021-05-17
323,1693,2021-07-08
318,148,2021-05-10
262,148,2021-05-24
365,151,2021-06-28
347,1695,2021-05-06
262,2711,2021-07-10
347,150,2021-05-03
355,150,2021-05-17
318,150,2021-06-21
262,682,2021-05-18
262,2707,2021-05-22
318,2166,2021-06-18
318,1695,2021-06-17
355,148,2021-05-03
355,150,2021-05-10
355,2707,2021-05-22
262,2707,2021-06-12
276,2170,2021-05-28
266,2170,2021-05-07
276,1191,2021-05-12
276,2170,2021-07-02
276,688,2021-05-11
266,153,2021-05-10
266,157,2021-05-24
276,154,2021-06-21
276,155,2021-06-14
266,156,2021-05-24
343,3203,2021-05-16
343,3199,2021-07-04
343,3200,2021-06-27
302,1200,2021-05-12
343,693,2021-05-18
343,694,2021-05-11
300,1199,2021-05-19
300,2719,2021-05-29
302,1705,2021-05-06
302,2719,2021-06-12
343,695,2021-05-25
300,693,2021-05-04
343,2721,2021-06-26
261,1203,2021-05-05
256,1203,2021-05-05
315,162,2021-06-28
263,160,2021-05-24
261,1709,2021-06-24
261,3209,2021-05-30
254,161,2021-05-17
315,2174,2021-05-07
315,164,2021-05-24
260,164,2021-06-28
256,3208,2021-06-06
261,1207,2021-05-05
256,2174,2021-07-02
254,3209,2021-06-06
260,1707,2021-06-24
260,1203,2021-05-12
315,1707,2021-06-17
261,163,2021-06-14
364,1211,2021-06-02
364,1712,2021-07-08
271,2179,2021-05-14
271,1711,2021-05-13
370,1213,2021-06-30
264,2728,2021-06-26
364,1711,2021-05-27
269,3216,2021-05-23
271,1213,2021-06-16
364,1714,2021-06-10
364,3215,2021-07-11
271,1208,2021-05-12
364,3217,2021-06-06
322,3220,2021-06-13
270,3224,2021-05-23
322,1720,2021-07-08
270,3225,2021-07-04
270,2182,2021-05-21
270,3223,2021-06-06
322,1720,2021-06-24
270,3221,2021-06-13
322,3221,2021-06-06
270,1722,2021-06-24
322,3226,2021-06-27
322,2183,2021-05-21
270,3220,2021-05-30
322,3224,2021-07-11
270,2183,2021-05-28
270,3225,2021-06-27
322,3226,2021-06-27
322,1719,2021-06-24
322,701,2021-05-18
270,1722,2021-07-08
335,169,2021-06-28
367,3235,2021-05-30
335,702,2021-06-15
367,1726,2021-06-17
326,3229,2021-05-16
292,175,2021-05-10
326,1222,2021-05-26
292,1723,2021-07-01
367,705,2021-05-25
326,176,2021-05-17
326,170,2021-06-07
368,179,2021-05-10
336,1731,2021-07-01
341,2735,2021-06-05
338,1227,2021-05-05
286,187,2021-05-31
286,1230,2021-05-12
368,2734,2021-05-22
336,186,2021-06-07
341,1227,2021-05-12
338,2185,2021-05-21
338,2735,2021-06-19
336,1225,2021-05-05
336,2734,2021-05-29
338,3240,2021-07-04
368,2737,2021-05-22
336,2738,2021-05-22
336,179,2021-06-14
332,186,2021-06-28
341,2738,2021-07-03
341,2733,2021-05-08
368,2185,2021-06-04
336,3236,2021-05-16
338,3241,2021-07-04
332,3238,2021-05-23
286,180,2021-06-28
338,3236,2021-05-30
338,1731,2021-05-06
293,1236,2021-05-26
283,1232,2021-06-23
283,708,2021-06-29
273,2741,2021-05-08
273,1740,2021-05-06
275,1740,2021-05-20
283,1232,2021-05-26
346,707,2021-05-25
267,190,2021-05-24
293,711,2021-07-06
293,709,2021-06-29
346,1235,2021-06-16
293,1233,2021-06-30
346,3245,2021-05-30
293,1735,2021-05-13
267,1739,2021-07-01
480,715,2021-05-04
423,1239,2021-06-23
446,1744,2021-06-03
480,1240,2021-06-23
446,1743,2021-06-10
480,1240,2021-07-07
446,716,2021-06-08
460,1237,2021-05-19
446,2745,2021-06-12
411,713,2021-06-01
460,715,2021-06-15
411,2745,2021-05-08
446,2746,2021-07-10
423,191,2021-06-21
411,714,2021-06-29
423,1240,2021-06-30
423,716,2021-06-01
460,715,2021-06-01
384,2754,2021-05-08
416,1241,2021-06-09
450,2754,2021-05-22
384,2748,2021-05-08
416,1241,2021-05-12
416,2748,2021-05-08
416,1241,2021-05-12
416,718,2021-07-06
416,720,2021-06-22
416,2751,2021-06-05
384,2750,2021-05-29
384,3252,2021-05-23
384,2749,2021-07-03
450,719,2021-06-29
450,3248,2021-06-13
384,718,2021-06-08
384,717,2021-05-11
450,1242,2021-05-19
384,2752,2021-05-29
450,1241,2021-06-09
384,2748,2021-06-12
384,2191,2021-05-21
450,719,2021-06-29
384,724,2021-06-08
450,2749,2021-07-10
450,2751,2021-06-05
450,3248,2021-05-30
450,3252,2021-06-13
384,724,2021-06-08
453,728,2021-06-15
484,2757,2021-06-05
484,728,2021-05-25
484,1246,2021-05-05
453,3256,2021-06-20
453,731,2021-06-29
487,3254,2021-05-30
487,1750,2021-06-24
484,1747,2021-06-17
487,1245,2021-06-30
484,1745,2021-07-01
484,1245,2021-06-30
487,731,2021-06-29
487,734,2021-05-11
487,734,2021-06-08
484,1749,2021-05-20
453,1748,2021-05-20
484,3256,2021-06-13
453,734,2021-07-06
449,2761,2021-06-19
381,2200,2021-07-09
463,3263,2021-07-11
405,3265,2021-06-20
449,1259,2021-06-09
463,198,2021-06-21
449,201,2021-06-28
405,2193,2021-05-28
405,3260,2021-07-04
470,2758,2021-05-15
407,3260,2021-07-11
463,2200,2021-06-25
381,2758,2021-06-05
407,3257,2021-05-23
470,200,2021-05-10
381,2200,2021-05-21
449,1754,2021-07-08
463,2761,2021-07-03
407,3258,2021-05-30
381,1255,2021-05-19
449,1755,2021-07-08
470,2193,2021-06-11
470,1754,2021-06-17
470,198,2021-05-10
470,3258,2021-07-11
449,1254,2021-05-12
381,2194,2021-05-07
463,200,2021-07-05
470,3258,2021-06-20
444,3268,2021-06-06
444,1261,2021-06-23
444,2765,2021-07-10
444,1260,2021-05-12
444,209,2021-05-10
444,210,2021-05-24
444,3274,2021-05-30
444,207,2021-06-28
444,2201,2021-06-18
444,1765,2021-05-13
444,2765,2021-06-19
444,206,2021-05-17
444,207,2021-05-31
444,3271,2021-06-27
444,3270,2021-06-27
444,205,2021-05-10
444,1261,2021-06-30
444,3270,2021-05-16
419,1268,2021-06-23
386,1769,2021-06-17
461,1268,2021-05-05
461,1262,2021-05-26
461,2206,2021-06-18
465,3275,2021-07-04
419,2206,2021-05-28
386,1766,2021-06-17
461,741,2021-06-22
461,2203,2021-06-11
465,2208,2021-06-11
386,1766,2021-05-27
386,3277,2021-07-11
419,1262,2021-06-02
461,1766,2021-06-10
465,1267,2021-06-02
386,1769,2021-05-06
465,1768,2021-05-06
465,2208,2021-05-14
391,3278,2021-07-04
426,3280,2021-07-04
391,214,2021-05-31
391,213,2021-05-10
391,215,2021-06-28
426,1774,2021-06-24
391,1778,2021-06-17
468,744,2021-06-15
468,1777,2021-06-24
391,2212,2021-05-07
391,215,2021-05-31
426,1775,2021-05-13
426,3279,2021-07-11
414,746,2021-06-08
431,749,2021-05-25
477,3288,2021-06-13
413,3287,2021-05-23
431,2769,2021-05-22
431,217,2021-05-10
414,2767,2021-05-08
477,3282,2021-05-16
402,1271,2021-05-19
413,1273,2021-06-16
431,3286,2021-07-11
412,3288,2021-05-30
477,3284,2021-06-27
402,1271,2021-06-23
413,3288,2021-06-27
431,3284,2021-05-16
402,749,2021-06-15
412,219,2021-05-17
447,3289,2021-07-04
397,3289,2021-07-04
397,1782,2021-07-01
447,1781,2021-07-08
447,220,2021-06-28
447,220,2021-06-21
447,3290,2021-05-23
447,1276,2021-06-02
447,1274,2021-05-26
397,220,2021-05-24
447,1275,2021-06-09
447,1278,2021-07-07
447,1276,2021-05-26
397,1274,2021-06-23
397,220,2021-06-07
397,1274,2021-05-05
397,1277,2021-07-07
447,1275,2021-06-02
447,1780,2021-05-20
397,1278,2021-05-05
397,1780,2021-07-01
397,1276,2021-06-09
397,1783,2021-06-24
447,1780,2021-05-20
397,1276,2021-05-05
488,2219,2021-06-25
420,750,2021-07-06
420,754,2021-06-15
393,1280,2021-05-26
439,1787,2021-07-01
420,2218,2021-05-07
393,1280,2021-06-23
420,1784,2021-07-08
393,1279,2021-07-07
393,1281,2021-05-26
439,752,2021-05-04
439,3291,2021-05-16
488,2217,2021-05-21
439,753,2021-06-22
393,222,2021-05-31
393,2217,2021-05-28
488,1789,2021-07-08
488,2770,2021-06-12
420,2220,2021-07-09
488,1282,2021-06-16
420,1787,2021-05-13
393,753,2021-05-25
488,3291,2021-05-30
488,1280,2021-05-05
439,1784,2021-05-13
471,230,2021-06-21
415,3295,2021-05-16
396,757,2021-06-01
471,1283,2021-06-09
495,228,2021-05-17
415,2221,2021-05-07
471,225,2021-06-07
471,230,2021-05-10
396,2221,2021-06-11
390,3292,2021-05-23
495,228,2021-07-05
380,1285,2021-06-02
390,230,2021-07-05
390,1283,2021-06-30
380,1283,2021-05-19
415,759,2021-05-25
471,3293,2021-06-13
415,230,2021-05-17
396,225,2021-05-10
406,1293,2021-07-07
462,1796,2021-06-17
410,1291,2021-05-05
462,770,2021-05-04
410,1795,2021-06-03
429,231,2021-06-07
462,1793,2021-07-08
462,1797,2021-05-20
462,1293,2021-06-16
462,1792,2021-06-24
437,238,2021-06-14
398,2773,2021-05-08
385,2774,2021-06-26
385,238,2021-06-07
437,2776,2021-07-03
437,772,2021-06-22
497,2234,2021-07-02
385,2235,2021-07-09
497,2236,2021-07-09
497,2231,2021-05-07
437,2235,2021-05-07
448,2234,2021-05-21
497,238,2021-06-07
385,3299,2021-06-13
448,2238,2021-05-21
437,772,2021-06-22
553,3305,2021-07-04
521,244,2021-06-07
521,2778,2021-06-19
521,2244,2021-05-28
513,1809,2021-05-06
602,3305,2021-05-30
593,3307,2021-06-20
593,2241,2021-06-25
593,1801,2021-06-03
553,3300,2021-05-30
602,2245,2021-05-07
521,1808,2021-06-03
602,1802,2021-05-27
602,2780,2021-05-22
521,243,2021-07-05
553,1804,2021-06-17
513,1299,2021-06-16
602,1809,2021-06-10
513,2779,2021-06-05
513,1802,2021-06-24
602,2781,2021-06-19
553,2241,2021-05-21
553,244,2021-06-14
504,2779,2021-05-08
513,3308,2021-05-30
602,3304,2021-07-11
513,244,2021-06-28
593,2778,2021-05-29
593,1806,2021-07-08
521,1802,2021-06-10
559,2250,2021-05-28
612,2250,2021-06-04
612,3317,2021-06-13
559,2788,2021-05-08
612,3310,2021-05-16
612,3314,2021-06-13
612,2787,2021-05-22
559,2785,2021-06-26
612,2252,2021-05-14
559,3311,2021-07-11
612,252,2021-05-31
559,3316,2021-05-16
559,3316,2021-05-30
546,2789,2021-06-05
614,778,2021-05-25
550,1822,2021-06-17
514,1820,2021-06-24
614,1817,2021-06-10
614,1818,2021-07-08
577,778,2021-05-18
614,776,2021-07-06
577,2255,2021-05-28
524,2791,2021-06-05
577,2791,2021-05-29
614,779,2021-06-08
550,776,2021-05-18
550,778,2021-06-15
577,2254,2021-05-14
546,2254,2021-07-02
524,2791,2021-05-29
514,1819,2021-05-20
577,2791,2021-07-03
622,2259,2021-05-07
620,3325,2021-05-30
622,787,2021-06-01
622,3323,2021-07-04
620,259,2021-06-21
620,788,2021-06-29
622,263,2021-05-03
620,2265,2021-05-14
622,2799,2021-06-26
620,2796,2021-06-19
622,265,2021-06-07
622,786,2021-06-15
622,2792,2021-05-15
622,2798,2021-07-03
620,1314,2021-05-12
620,2260,2021-07-09
622,784,2021-05-18
622,3327,2021-06-27
620,2261,2021-06-18
620,2799,2021-07-03
620,2794,2021-07-10
620,2797,2021-05-29
622,2262,2021-05-07
620,2264,2021-05-07
622,2264,2021-06-04
620,1316,2021-06-09
620,785,2021-06-08
622,783,2021-05-18
622,2259,2021-06-18
617,3330,2021-05-30
617,793,2021-06-29
617,3333,2021-05-30
617,795,2021-07-06
617,1831,2021-07-08
617,1319,2021-06-16
617,1827,2021-06-03
617,2802,2021-07-03
617,2269,2021-05-07
617,3328,2021-05-23
503,1321,2021-05-12
624,3344,2021-07-11
584,271,2021-06-28
584,271,2021-07-05
584,2808,2021-05-22
503,1323,2021-07-07
569,2275,2021-05-07
507,1322,2021-06-16
624,3343,2021-07-04
624,271,2021-06-07
569,2808,2021-06-12
507,3337,2021-07-11
584,1326,2021-06-02
507,272,2021-06-07
569,1328,2021-05-05
569,1327,2021-06-09
569,3342,2021-05-16
584,1327,2021-06-30
552,797,2021-07-06
621,1334,2021-05-19
552,2285,2021-06-04
552,2279,2021-05-28
621,1333,2021-06-09
621,1331,2021-05-05
595,798,2021-06-29
621,2282,2021-05-21
552,1330,2021-06-16
621,1332,2021-05-26
552,2284,2021-07-09
606,1330,2021-05-26
595,2287,2021-05-14
606,797,2021-05-18
621,1333,2021-06-09
621,798,2021-05-18
595,1329,2021-05-05
606,2287,2021-07-09
552,1332,2021-06-09
595,2279,2021-07-02
552,2280,2021-06-04
621,798,2021-07-06
595,3345,2021-05-16
552,2809,2021-05-22
552,798,2021-05-18
552,1330,2021-06-09
606,798,2021-06-01
552,2278,2021-06-04
567,1837,2021-06-10
567,2294,2021-05-21
608,1339,2021-05-05
567,3349,2021-05-23
567,2289,2021-05-28
608,2817,2021-05-29
567,2817,2021-05-29
608,3350,2021-07-11
608,2292,2021-07-09
608,2291,2021-06-04
608,2817,2021-06-26
608,1839,2021-05-20
567,2816,2021-05-29
567,2290,2021-06-11
608,2817,2021-06-19
601,2819,2021-05-29
601,2822,2021-05-15
541,806,2021-05-18
541,2822,2021-06-05
541,3359,2021-06-13
573,284,2021-05-24
601,2301,2021-06-18
541,288,2021-06-21
586,286,2021-05-03
506,3358,2021-07-04
573,1844,2021-06-17
506,2307,2021-06-11
601,1342,2021-06-23
541,287,2021-06-21
506,286,2021-07-05
508,290,2021-05-10
508,2833,2021-06-12
508,291,2021-05-03
508,1851,2021-06-24
508,3362,2021-06-20
508,1852,2021-06-24
508,1346,2021-06-23
508,810,2021-06-08
508,1852,2021-05-13
508,2825,2021-06-19
508,2825,2021-05-08
508,1850,2021-06-10
508,3362,2021-07-11
508,2832,2021-05-15
508,814,2021-06-15
508,2832,2021-06-05
508,2825,2021-06-19
508,811,2021-06-01
508,2825,2021-05-29
508,2313,2021-07-02
512,3365,2021-06-27
512,3368,2021-06-27
512,3368,2021-05-23
512,3368,2021-07-11
512,3368,2021-06-20
512,1350,2021-05-26
512,3365,2021-05-30
512,3372,2021-05-16
512,3371,2021-06-13
512,3372,2021-07-04
512,3366,2021-06-27
512,1862,2021-06-17
512,295,2021-05-17
512,294,2021-05-10
512,1859,2021-05-13
512,1858,2021-05-13
512,1350,2021-06-02
512,294,2021-05-03
512,1350,2021-06-09
512,293,2021-05-31
512,3367,2021-07-11
512,294,2021-07-05
512,3366,2021-07-04
512,3370,2021-06-20
512,295,2021-06-28
512,3369,2021-05-30
512,3364,2021-07-04
560,300,2021-06-14
574,817,2021-05-04
576,1871,2021-07-01
560,301,2021-07-05
574,1870,2021-07-01
560,2321,2021-06-18
576,2317,2021-07-02
560,3379,2021-07-11
509,2316,2021-07-02
574,296,2021-06-28
509,1870,2021-05-13
560,818,2021-06-29
560,3379,2021-07-04
560,3375,2021-05-23
574,2315,2021-07-02
509,3375,2021-06-13
509,302,2021-06-07
560,2316,2021-05-28
560,1355,2021-07-07
576,301,2021-05-24
509,1863,2021-05-20
509,1355,2021-06-09
576,2835,2021-05-22
574,2835,2021-05-22
576,1863,2021-06-17
576,1356,2021-06-02
560,299,2021-05-17
509,2835,2021-05-29
505,822,2021-05-11
526,2841,2021-05-08
528,1366,2021-06-02
526,1360,2021-06-16
505,2840,2021-06-12
505,2842,2021-05-08
540,2844,2021-05-29
540,2836,2021-07-10
540,1361,2021-07-07
540,1364,2021-06-30
528,2326,2021-06-25
528,2840,2021-07-03
540,1367,2021-05-26
526,2840,2021-05-29
675,1878,2021-06-03
675,3381,2021-05-23
687,2333,2021-05-21
675,2334,2021-05-28
712,2338,2021-06-11
712,828,2021-05-11
676,2336,2021-07-09
712,1877,2021-07-01
676,309,2021-05-31
687,1879,2021-06-03
676,2333,2021-06-11
712,1371,2021-05-05
687,1880,2021-06-03
675,2336,2021-06-11
675,2332,2021-05-28
687,309,2021-06-07
643,3388,2021-06-27
641,3390,2021-05-30
643,2340,2021-06-25
638,312,2021-05-17
638,1377,2021-05-05
641,834,2021-06-15
638,2340,2021-05-21
638,3390,2021-06-13
638,1374,2021-06-30
641,3389,2021-06-06
641,2340,2021-05-14
641,1885,2021-05-20
737,1884,2021-06-17
638,1374,2021-05-19
641,833,2021-05-11
737,3390,2021-07-11
643,2339,2021-07-02
729,2348,2021-05-07
659,2345,2021-06-18
719,2341,2021-05-14
661,2341,2021-06-25
719,843,2021-06-08
719,318,2021-05-24
719,2347,2021-05-14
702,3396,2021-06-20
659,2344,2021-06-04
702,2344,2021-06-25
719,1888,2021-07-01
729,315,2021-05-03
661,2342,2021-05-28
719,843,2021-05-04
702,316,2021-05-17
659,3397,2021-06-27
661,2345,2021-05-21
719,318,2021-05-17
729,314,2021-06-14
719,2346,2021-06-18
702,3394,2021-06-20
729,2342,2021-05-21
740,1383,2021-05-05
740,2849,2021-07-10
740,2349,2021-06-25
740,1895,2021-06-03
740,320,2021-05-24
740,2350,2021-06-18
740,1895,2021-07-08
740,1903,2021-05-27
740,2350,2021-05-07
740,1903,2021-06-10
740,1896,2021-07-01
740,1379,2021-06-16
740,2349,2021-07-09
740,2355,2021-06-04
740,320,2021-05-24
740,2355,2021-06-04
740,844,2021-06-08
740,1384,2021-06-09
740,325,2021-07-05
740,2349,2021-07-02
740,326,2021-05-03
673,2850,2021-06-19
673,2357,2021-06-18
673,3401,2021-06-13
694,1904,2021-07-08
673,2356,2021-06-04
694,1905,2021-05-27
694,1386,2021-07-07
694,1904,2021-06-03
694,3402,2021-06-27
673,2357,2021-05-28
694,2357,2021-05-21
694,3402,2021-05-23
673,1905,2021-06-10
694,3402,2021-05-30
694,2357,2021-05-14
694,1904,2021-06-03
694,2853,2021-07-10
694,2359,2021-05-07
694,2356,2021-05-07
673,851,2021-05-18
673,2852,2021-07-03
673,3401,2021-07-04
694,852,2021-06-22
694,2850,2021-07-03
694,853,2021-05-18
673,2357,2021-06-11
673,2853,2021-05-15
664,854,2021-06-01
653,2855,2021-06-12
664,1909,2021-06-24
653,1907,2021-07-08
653,855,2021-06-29
728,1391,2021-05-19
710,2856,2021-06-12
653,3405,2021-05-30
650,2361,2021-05-14
731,1909,2021-05-27
650,1391,2021-05-26
667,1392,2021-06-02
731,327,2021-06-21
653,1910,2021-06-17
731,327,2021-06-14
653,1907,2021-05-20
667,1388,2021-05-19
731,328,2021-05-24
653,328,2021-05-03
653,327,2021-05-31
731,1388,2021-06-23
664,1910,2021-06-03
664,1910,2021-05-06
650,1910,2021-05-20
664,1391,2021-06-16
728,854,2021-05-25
650,3405,2021-05-16
664,3404,2021-07-04
728,2361,2021-06-11
630,3410,2021-06-27
708,3410,2021-07-11
630,3410,2021-06-13
699,331,2021-05-24
630,3411,2021-06-27
699,330,2021-06-21
630,2858,2021-05-08
708,3410,2021-06-13
630,330,2021-05-03
630,335,2021-05-24
708,335,2021-05-24
699,3411,2021-06-13
708,3407,2021-06-13
708,3411,2021-06-06
699,2363,2021-05-21
630,3413,2021-07-04
699,334,2021-06-07
699,335,2021-05-03
708,3406,2021-07-11
708,2362,2021-05-28
708,2857,2021-06-26
699,331,2021-06-14
708,334,2021-07-05
699,335,2021-05-17
708,334,2021-06-28
630,3411,2021-05-23
645,2859,2021-06-05
682,3420,2021-06-20
645,863,2021-06-08
645,2862,2021-07-10
682,859,2021-05-11
682,2372,2021-06-18
742,857,2021-05-25
742,2372,2021-06-04
645,2373,2021-07-02
682,2860,2021-05-29
742,3414,2021-06-27
742,3415,2021-06-13
682,2863,2021-05-08
682,336,2021-06-21
742,2368,2021-06-18
682,339,2021-06-14
645,3420,2021-06-27
682,3419,2021-05-23
742,858,2021-05-18
682,2862,2021-05-15
742,2372,2021-06-25
742,2862,2021-05-15
682,2866,2021-05-22
645,3418,2021-07-04
701,1395,2021-06-23
701,2378,2021-05-14
700,2873,2021-06-12
716,870,2021-05-04
716,340,2021-05-10
700,1397,2021-05-26
716,2376,2021-07-02
716,2870,2021-07-03
701,341,2021-05-10
700,2869,2021-05-22
701,2375,2021-06-11
700,2381,2021-05-21
700,2376,2021-06-25
716,2867,2021-06-19
716,1398,2021-07-07
701,3421,2021-07-11
700,2381,2021-05-21
701,2870,2021-05-22
700,2380,2021-07-02
700,2869,2021-07-03
700,2382,2021-06-25
700,867,2021-06-15
733,343,2021-05-03
690,2386,2021-05-14
634,2876,2021-05-29
690,872,2021-05-11
634,1401,2021-07-07
733,2390,2021-05-28
690,345,2021-06-21
634,871,2021-06-29
634,347,2021-06-21
690,1920,2021-06-24
690,3430,2021-05-30
634,342,2021-06-28
690,2389,2021-05-21
733,343,2021-05-24
733,2387,2021-05-14
690,347,2021-06-14
678,880,2021-05-04
678,2881,2021-06-12
660,1411,2021-06-16
636,1407,2021-05-19
636,2884,2021-06-26
678,880,2021-06-15
711,2885,2021-05-08
636,2883,2021-06-12
678,1924,2021-07-08
636,1408,2021-06-23
678,884,2021-07-06
678,1407,2021-05-26
711,2396,2021-06-18
683,349,2021-05-03
706,1419,2021-06-30
672,2401,2021-07-02
648,1419,2021-05-26
627,353,2021-05-03
683,1414,2021-05-05
672,2404,2021-06-11
706,2889,2021-06-26
706,354,2021-07-05
732,353,2021-05-03
642,1416,2021-06-30
750,3442,2021-06-13
750,360,2021-05-31
750,1933,2021-06-17
750,1421,2021-06-23
750,2413,2021-06-11
750,361,2021-07-05
750,2414,2021-05-07
750,359,2021-05-31
750,1931,2021-06-03
750,1421,2021-05-05
750,364,2021-05-10
796,2899,2021-06-26
811,371,2021-06-14
811,371,2021-06-07
811,366,2021-05-31
811,365,2021-05-17
811,894,2021-06-08
796,3445,2021-05-30
796,370,2021-05-03
811,2420,2021-06-11
811,2416,2021-07-02
811,367,2021-06-28
796,2894,2021-05-15
811,2418,2021-05-28
855,371,2021-06-21
796,2895,2021-06-26
811,3446,2021-05-16
855,1934,2021-06-24
811,366,2021-05-03
811,2417,2021-05-21
855,2420,2021-05-14
796,891,2021-06-08
855,3446,2021-06-06
811,2895,2021-05-15
811,3446,2021-07-04
855,2420,2021-06-18
827,379,2021-05-24
808,1423,2021-05-26
859,2902,2021-05-22
869,3447,2021-07-04
808,2900,2021-05-22
859,3448,2021-07-04
859,1936,2021-06-03
859,2903,2021-05-29
808,375,2021-05-24
859,2423,2021-06-18
808,1425,2021-06-30
868,2425,2021-06-25
859,2902,2021-06-05
827,376,2021-06-07
874,1935,2021-06-03
832,2432,2021-06-04
773,902,2021-05-04
773,1939,2021-07-08
773,904,2021-05-25
867,2428,2021-05-14
832,2429,2021-06-18
773,1429,2021-07-07
867,2427,2021-07-02
867,2905,2021-07-10
832,1430,2021-05-12
832,2909,2021-05-29
832,2431,2021-05-28
867,2906,2021-07-03
773,2908,2021-07-03
832,2909,2021-07-10
867,2908,2021-05-22
867,906,2021-07-06
832,2429,2021-07-09
832,2433,2021-05-28
773,383,2021-06-07
773,3451,2021-06-20
867,3451,2021-07-11
773,2908,2021-06-26
826,1433,2021-07-07
776,1946,2021-05-13
774,912,2021-06-08
849,389,2021-06-28
826,2918,2021-06-12
826,2437,2021-05-21
788,1434,2021-06-30
776,1942,2021-06-24
774,2919,2021-05-08
840,2919,2021-06-26
774,1942,2021-07-01
776,2434,2021-06-18
826,912,2021-06-01
826,389,2021-07-05
774,388,2021-05-24
849,2436,2021-05-14
788,2435,2021-07-09
776,910,2021-05-25
826,2916,2021-06-05
788,2434,2021-06-04
826,911,2021-06-22
849,2913,2021-06-12
788,2916,2021-06-05
787,3453,2021-07-11
789,3453,2021-05-23
795,395,2021-06-21
787,1948,2021-07-08
789,2923,2021-05-08
795,1952,2021-05-27
778,1438,2021-06-23
816,1438,2021-05-19
756,3452,2021-05-23
805,1951,2021-05-27
778,395,2021-05-31
795,1950,2021-07-08
778,2923,2021-05-29
795,1437,2021-06-16
795,398,2021-05-03
816,1947,2021-06-03
816,1949,2021-06-17
805,399,2021-05-24
789,1437,2021-07-07
756,1443,2021-06-09
756,1949,2021-06-03
778,2923,2021-05-08
805,394,2021-05-10
805,2439,2021-05-14
778,1439,2021-06-02
756,1951,2021-06-17
805,3452,2021-05-23
816,1950,2021-05-20
816,1948,2021-06-24
795,397,2021-06-07
799,918,2021-05-04
781,405,2021-05-31
799,2928,2021-05-15
781,3458,2021-05-30
807,3457,2021-05-23
799,2927,2021-07-03
817,403,2021-05-17
817,402,2021-06-14
817,2925,2021-05-08
799,3459,2021-05-16
817,1447,2021-05-19
781,916,2021-06-22
781,1953,2021-05-06
817,914,2021-06-15
817,1446,2021-06-02
781,919,2021-06-22
807,1953,2021-05-27
817,400,2021-07-05
799,918,2021-05-04
799,2928,2021-06-26
807,2927,2021-05-22
799,3458,2021-07-11
807,918,2021-05-04
760,2933,2021-06-19
793,2935,2021-06-19
793,922,2021-06-22
771,2445,2021-06-25
760,1956,2021-05-06
806,410,2021-05-24
793,3463,2021-06-13
793,2448,2021-06-04
793,3464,2021-05-23
771,2936,2021-05-22
793,3462,2021-06-13
806,3462,2021-05-30
806,410,2021-06-28
806,3461,2021-05-30
806,2443,2021-05-21
806,920,2021-05-18
771,922,2021-07-06
806,3460,2021-06-13
771,1449,2021-06-30
806,3462,2021-06-20
771,922,2021-05-11
771,2934,2021-05-08
760,921,2021-05-11
806,922,2021-07-06
806,410,2021-05-10
842,1965,2021-05-20
766,1958,2021-05-20
842,1960,2021-05-20
841,1964,2021-07-08
766,414,2021-06-07
804,1964,2021-06-03
842,2937,2021-07-10
822,1960,2021-06-03
804,416,2021-05-03
841,3467,2021-05-23
842,412,2021-07-05
804,1451,2021-05-12
857,2941,2021-07-03
819,2457,2021-06-25
838,1972,2021-05-13
848,1454,2021-06-02
819,925,2021-07-06
848,421,2021-05-03
838,1968,2021-06-24
819,424,2021-06-07
857,2458,2021-07-09
819,1969,2021-06-24
819,3472,2021-07-04
829,1464,2021-06-23
812,1977,2021-05-27
812,1462,2021-06-02
783,1465,2021-05-26
853,2461,2021-07-09
752,929,2021-06-08
783,2462,2021-05-28
829,1464,2021-05-12
752,928,2021-07-06
752,1461,2021-05-05
812,1462,2021-06-23
829,1461,2021-05-19
812,928,2021-06-22
853,2462,2021-06-04
812,929,2021-06-08
783,2462,2021-07-02
783,1461,2021-06-02
863,434,2021-05-17
863,3480,2021-05-16
845,2471,2021-06-25
845,432,2021-06-14
863,1987,2021-05-20
809,431,2021-05-31
863,1987,2021-06-03
845,433,2021-05-31
845,2949,2021-06-12
863,434,2021-05-17
809,436,2021-05-24
845,438,2021-05-31
845,437,2021-06-28
845,1986,2021-05-27
809,2472,2021-06-25
845,1983,2021-06-10
863,436,2021-06-07
845,2470,2021-06-18
809,437,2021-06-14
809,1986,2021-05-06
863,2473,2021-06-18
809,432,2021-05-31
813,3482,2021-07-04
775,1474,2021-05-19
775,1993,2021-06-03
790,2487,2021-05-07
790,1994,2021-06-24
813,2487,2021-05-14
790,2482,2021-05-14
790,2952,2021-07-03
813,2484,2021-05-21
775,935,2021-05-11
813,935,2021-06-22
790,442,2021-06-14
775,1470,2021-07-07
775,937,2021-06-15
775,2950,2021-05-15
775,441,2021-07-05
775,3482,2021-07-11
775,2485,2021-05-21
775,2488,2021-05-28
813,2487,2021-06-25
813,2952,2021-05-15
775,1471,2021-05-26
813,936,2021-06-01
813,444,2021-07-05
775,442,2021-06-28
813,2486,2021-07-02
775,938,2021-05-18
761,452,2021-05-10
761,1997,2021-06-10
836,448,2021-05-24
852,453,2021-05-10
852,942,2021-05-25
836,945,2021-06-22
836,2955,2021-07-03
850,1476,2021-05-26
836,3485,2021-05-30
836,448,2021-06-14
800,2960,2021-05-29
800,2956,2021-06-05
852,446,2021-06-21
850,453,2021-06-14
836,453,2021-07-05
761,945,2021-06-08
850,449,2021-05-31
800,2961,2021-06-26
761,3490,2021-05-16
852,2956,2021-06-19
850,3490,2021-05-23
761,3490,2021-05-23
800,3494,2021-07-11
852,3494,2021-06-13
850,1476,2021-06-23
800,2957,2021-06-12
852,2961,2021-05-22
850,450,2021-05-24
800,3493,2021-05-30
800,446,2021-06-21
905,2968,2021-05-29
894,2965,2021-05-08
951,457,2021-05-24
894,2965,2021-06-26
951,1479,2021-06-16
905,1482,2021-07-07
905,3497,2021-05-16
905,2965,2021-05-29
894,457,2021-06-07
894,457,2021-06-14
997,2970,2021-05-08
951,950,2021-05-11
894,2969,2021-07-10
951,2000,2021-06-17
894,2971,2021-06-19
997,454,2021-05-31
945,954,2021-06-29
940,460,2021-05-24
928,2489,2021-06-04
928,2002,2021-05-06
940,2490,2021-07-09
932,951,2021-06-22
932,951,2021-05-04
969,954,2021-07-06
945,461,2021-05-31
940,956,2021-06-01
969,459,2021-05-24
989,952,2021-05-25
932,2977,2021-06-05
887,2976,2021-06-19
887,2497,2021-05-07
989,957,2021-05-25
974,2502,2021-05-07
974,2502,2021-05-14
974,468,2021-06-28
974,2500,2021-05-14
974,3503,2021-07-04
974,1490,2021-06-23
974,1491,2021-05-12
974,3506,2021-07-11
979,3500,2021-05-16
979,3507,2021-05-30
979,3502,2021-05-30
973,2013,2021-07-01
891,2983,2021-06-05
957,2007,2021-07-01
973,474,2021-06-14
891,965,2021-05-11
957,2986,2021-06-05
934,2986,2021-05-29
977,969,2021-05-25
941,1497,2021-06-09
934,968,2021-07-06
957,2010,2021-06-03
891,968,2021-06-01
977,2006,2021-06-24
957,2505,2021-07-02
941,3513,2021-06-06
973,2984,2021-07-03
957,967,2021-05-25
973,966,2021-06-29
977,3510,2021-05-23
934,2005,2021-05-20
982,3517,2021-07-04
986,3519,2021-07-11
930,2016,2021-05-20
885,2515,2021-06-04
885,2994,2021-06-26
963,971,2021-06-08
994,477,2021-05-10
930,3514,2021-07-04
963,2014,2021-05-06
930,2020,2021-07-08
963,2991,2021-06-05
885,2019,2021-06-17
986,971,2021-07-06
963,972,2021-05-11
923,477,2021-06-14
923,480,2021-07-05
963,2021,2021-06-03
930,2019,2021-06-10
986,2999,2021-06-05
994,2020,2021-05-20
994,479,2021-05-24
998,3531,2021-06-20
926,485,2021-06-14
998,2520,2021-07-09
962,2518,2021-05-07
962,3529,2021-06-13
962,3531,2021-05-23
926,1502,2021-06-23
998,3000,2021-06-26
998,975,2021-05-18
926,975,2021-06-15
926,2519,2021-06-11
998,3001,2021-05-15
962,3003,2021-07-10
998,976,2021-06-08
998,974,2021-06-29
926,3526,2021-06-20
962,975,2021-06-08
998,488,2021-06-07
926,975,2021-05-18
998,1500,2021-06-16
926,3530,2021-05-16
962,2520,2021-07-02
998,3523,2021-06-13
962,483,2021-05-03
962,3523,2021-06-20
962,974,2021-06-01
913,3005,2021-05-29
960,2522,2021-05-28
912,3534,2021-07-04
912,1509,2021-05-05
918,982,2021-06-01
918,979,2021-06-01
912,3534,2021-07-04
913,1504,2021-05-05
913,3005,2021-07-03
918,2523,2021-05-07
915,2522,2021-06-25
918,493,2021-05-10
915,494,2021-06-28
913,3533,2021-06-27
960,2023,2021-06-24
960,3532,2021-05-16
1000,3011,2021-06-05
927,984,2021-06-08
927,496,2021-05-31
1000,2025,2021-06-17
925,3535,2021-06-13
925,3010,2021-05-08
927,3539,2021-06-13
939,3541,2021-07-11
939,2026,2021-05-27
949,497,2021-05-17
939,2024,2021-07-01
1000,3542,2021-06-20
939,498,2021-06-28
1000,984,2021-05-18
1000,3540,2021-07-11
949,984,2021-06-15
927,3011,2021-06-12
902,991,2021-05-11
902,988,2021-05-04
902,3543,2021-05-23
908,1512,2021-06-09
935,1510,2021-05-05
908,2532,2021-05-28
935,1514,2021-07-07
954,2529,2021-06-11
935,986,2021-05-18
908,3546,2021-07-11
908,988,2021-05-11
937,502,2021-06-14
937,2532,2021-05-14
902,1514,2021-06-02
908,3013,2021-06-05
908,989,2021-06-01
902,989,2021-06-01
935,2027,2021-07-08
935,992,2021-05-18
937,3545,2021-06-06
902,987,2021-06-08
937,1512,2021-06-16
954,2531,2021-07-02
896,3546,2021-05-16
935,500,2021-07-05
896,987,2021-06-15
935,3545,2021-05-30
904,3014,2021-05-15
981,993,2021-06-29
904,3021,2021-06-26
899,3021,2021-05-22
981,3021,2021-06-12
878,996,2021-06-29
878,3014,2021-05-22
904,994,2021-07-06
899,2538,2021-06-04
975,3550,2021-06-06
975,2030,2021-06-03
904,993,2021-07-06
899,3015,2021-05-22
878,1520,2021-06-09
899,2536,2021-05-28
975,2540,2021-05-21
878,2541,2021-07-02
878,504,2021-05-10
981,1517,2021-06-02
975,993,2021-06-29
878,2537,2021-07-09
975,2539,2021-05-21
975,3018,2021-07-10
898,3024,2021-05-15
943,1000,2021-05-04
966,999,2021-06-22
991,506,2021-05-10
993,505,2021-05-10
898,1525,2021-06-23
943,2036,2021-06-10
993,507,2021-05-17
901,2549,2021-06-04
901,1001,2021-06-29
966,997,2021-06-01
901,2548,2021-06-25
991,1003,2021-06-08
967,1537,2021-07-07
967,3037,2021-05-22
967,2040,2021-07-08
967,2558,2021-05-14
907,1531,2021-05-12
924,2551,2021-06-25
967,3036,2021-06-19
924,1004,2021-06-08
924,1007,2021-05-25
967,3039,2021-07-10
967,1530,2021-05-05
967,1532,2021-05-19
967,515,2021-05-31
907,2550,2021-05-07
907,2042,2021-06-10
992,2567,2021-05-14
984,522,2021-05-24
880,2563,2021-07-09
992,2048,2021-06-10
992,1015,2021-06-22
880,1541,2021-05-26
942,1012,2021-05-11
984,1015,2021-06-08
980,2565,2021-05-14
980,2049,2021-05-27
984,2043,2021-06-24
942,2047,2021-06-03
980,2559,2021-07-09
984,2045,2021-05-20
992,1544,2021-07-07
880,1541,2021-06-02
992,2566,2021-06-04
